size_x,size_y
100,100
x,y,d
0,99,0
1,99,0
2,99,0
3,99,0
4,99,0
5,99,0
6,99,0
7,99,0
8,99,0
9,99,0
10,99,0
11,99,0
12,99,0
13,99,0
14,99,0
15,99,0
16,99,0
17,99,0
18,99,0
19,99,0
20,99,0
21,99,0
22,99,0
23,99,0
24,99,0
25,99,0
26,99,0
27,99,0
28,99,0
29,99,0
30,99,0
31,99,0
32,99,0
33,99,0
34,99,0
35,99,0
36,99,0
37,99,0
38,99,0
39,99,0
40,99,0
41,99,0
42,99,0
43,99,0
44,99,0
45,99,0
46,99,0
47,99,0
48,99,0
49,99,0
50,99,0
51,99,0
52,99,0
53,99,0
54,99,0
55,99,0
56,99,0
57,99,0
58,99,0
59,99,0
60,99,0
61,99,0
62,99,0
63,99,0
64,99,0
65,99,0
66,99,0
67,99,0
68,99,0
69,99,0
70,99,0
71,99,0
72,99,0
73,99,0
74,99,0
75,99,0
76,99,0
77,99,0
78,99,0
79,99,0
80,99,0
81,99,0
82,99,0
83,99,0
84,99,0
85,99,0
86,99,0
87,99,0
88,99,0
89,99,0
90,99,0
91,99,0
92,99,0
93,99,0
94,99,0
95,99,0
96,99,0
97,99,0
98,99,0
99,99,0
0,98,0
1,98,0
2,98,0
3,98,0
4,98,0
5,98,0
6,98,0
7,98,0
8,98,0
9,98,0
10,98,0
11,98,0
12,98,0
13,98,0
14,98,0
15,98,0
16,98,0
17,98,0
18,98,0
19,98,0
20,98,0
21,98,0
22,98,0
23,98,0
24,98,0
25,98,0
26,98,0
27,98,0
28,98,0
29,98,0
30,98,0
31,98,0
32,98,0
33,98,0
34,98,0
35,98,0
36,98,0
37,98,0
38,98,0
39,98,0
40,98,0
41,98,0
42,98,0
43,98,0
44,98,0
45,98,0
46,98,0
47,98,0
48,98,0
49,98,0
50,98,0
51,98,0
52,98,0
53,98,0
54,98,0
55,98,0
56,98,0
57,98,0
58,98,0
59,98,0
60,98,0
61,98,0
62,98,0
63,98,0
64,98,0
65,98,0
66,98,0
67,98,0
68,98,0
69,98,0
70,98,0
71,98,0
72,98,0
73,98,0
74,98,0
75,98,0
76,98,0
77,98,0
78,98,0
79,98,0
80,98,0
81,98,0
82,98,0
83,98,0
84,98,0
85,98,0
86,98,0
87,98,0
88,98,0
89,98,0
90,98,0
91,98,0
92,98,0
93,98,0
94,98,0
95,98,0
96,98,0
97,98,0
98,98,0
99,98,0
0,97,0
1,97,0
2,97,0
3,97,0
4,97,0
5,97,0
6,97,0
7,97,0
8,97,0
9,97,0
10,97,0
11,97,0
12,97,0
13,97,0
14,97,0
15,97,0
16,97,0
17,97,0
18,97,0
19,97,0
20,97,0
21,97,0
22,97,0
23,97,0
24,97,0
25,97,0
26,97,0
27,97,0
28,97,0
29,97,0
30,97,0
31,97,0
32,97,0
33,97,0
34,97,0
35,97,0
36,97,0
37,97,0
38,97,0
39,97,0
40,97,0
41,97,0
42,97,0
43,97,0
44,97,0
45,97,0
46,97,0
47,97,0
48,97,0
49,97,0
50,97,0
51,97,0
52,97,0
53,97,0
54,97,0
55,97,0
56,97,0
57,97,0
58,97,0
59,97,0
60,97,0
61,97,0
62,97,0
63,97,0
64,97,0
65,97,0
66,97,0
67,97,0
68,97,0
69,97,0
70,97,0
71,97,0
72,97,0
73,97,0
74,97,0
75,97,0
76,97,0
77,97,0
78,97,0
79,97,0
80,97,0
81,97,0
82,97,0
83,97,0
84,97,0
85,97,0
86,97,0
87,97,0
88,97,0
89,97,0
90,97,0
91,97,0
92,97,0
93,97,0
94,97,0
95,97,0
96,97,0
97,97,0
98,97,0
99,97,0
0,96,0
1,96,0
2,96,0
3,96,0
4,96,0
5,96,0
6,96,0
7,96,0
8,96,0
9,96,0
10,96,0
11,96,0
12,96,0
13,96,0
14,96,0
15,96,0
16,96,0
17,96,0
18,96,0
19,96,0
20,96,0
21,96,0
22,96,0
23,96,0
24,96,0
25,96,0
26,96,0
27,96,0
28,96,0
29,96,0
30,96,0
31,96,0
32,96,0
33,96,0
34,96,0
35,96,0
36,96,0
37,96,0
38,96,0
39,96,0
40,96,0
41,96,0
42,96,0
43,96,0
44,96,0
45,96,0
46,96,0
47,96,0
48,96,0
49,96,0
50,96,0
51,96,0
52,96,0
53,96,0
54,96,0
55,96,0
56,96,0
57,96,0
58,96,0
59,96,0
60,96,0
61,96,0
62,96,0
63,96,0
64,96,0
65,96,0
66,96,0
67,96,0
68,96,0
69,96,0
70,96,0
71,96,0
72,96,0
73,96,0
74,96,0
75,96,0
76,96,0
77,96,0
78,96,0
79,96,0
80,96,0
81,96,0
82,96,0
83,96,0
84,96,0
85,96,0
86,96,0
87,96,0
88,96,0
89,96,0
90,96,0
91,96,0
92,96,0
93,96,0
94,96,0
95,96,0
96,96,0
97,96,0
98,96,0
99,96,0
0,95,0
1,95,0
2,95,0
3,95,0
4,95,0
5,95,0
6,95,0
7,95,0
8,95,0
9,95,0
10,95,0
11,95,0
12,95,0
13,95,0
14,95,0
15,95,0
16,95,0
17,95,0
18,95,0
19,95,0
20,95,0
21,95,0
22,95,0
23,95,0
24,95,0
25,95,0
26,95,0
27,95,0
28,95,0
29,95,0
30,95,0
31,95,0
32,95,0
33,95,0
34,95,0
35,95,0
36,95,0
37,95,0
38,95,0
39,95,0
40,95,0
41,95,0
42,95,0
43,95,0
44,95,0
45,95,0
46,95,0
47,95,0
48,95,0
49,95,0
50,95,0
51,95,0
52,95,0
53,95,0
54,95,0
55,95,0
56,95,0
57,95,0
58,95,0
59,95,0
60,95,0
61,95,0
62,95,0
63,95,0
64,95,0
65,95,0
66,95,0
67,95,0
68,95,0
69,95,0
70,95,0
71,95,0
72,95,0
73,95,0
74,95,0
75,95,0
76,95,0
77,95,0
78,95,0
79,95,0
80,95,0
81,95,0
82,95,0
83,95,0
84,95,0
85,95,0
86,95,0
87,95,0
88,95,0
89,95,0
90,95,0
91,95,0
92,95,0
93,95,0
94,95,0
95,95,0
96,95,0
97,95,0
98,95,0
99,95,0
0,94,0
1,94,0
2,94,0
3,94,0
4,94,0
5,94,0
6,94,0
7,94,0
8,94,0
9,94,0
10,94,0
11,94,0
12,94,0
13,94,0
14,94,0
15,94,0
16,94,0
17,94,0
18,94,0
19,94,0
20,94,0
21,94,0
22,94,0
23,94,0
24,94,0
25,94,0
26,94,0
27,94,0
28,94,0
29,94,0
30,94,0
31,94,0
32,94,0
33,94,0
34,94,0
35,94,0
36,94,0
37,94,0
38,94,0
39,94,0
40,94,0
41,94,0
42,94,0
43,94,0
44,94,0
45,94,0
46,94,0
47,94,0
48,94,0
49,94,0
50,94,0
51,94,0
52,94,0
53,94,0
54,94,0
55,94,0
56,94,0
57,94,0
58,94,0
59,94,0
60,94,0
61,94,0
62,94,0
63,94,0
64,94,0
65,94,0
66,94,0
67,94,0
68,94,0
69,94,0
70,94,0
71,94,0
72,94,0
73,94,0
74,94,0
75,94,0
76,94,0
77,94,0
78,94,0
79,94,0
80,94,0
81,94,0
82,94,0
83,94,0
84,94,0
85,94,0
86,94,0
87,94,0
88,94,0
89,94,0
90,94,0
91,94,0
92,94,0
93,94,0
94,94,0
95,94,0
96,94,0
97,94,0
98,94,0
99,94,0
0,93,0
1,93,0
2,93,0
3,93,0
4,93,0
5,93,0
6,93,0
7,93,0
8,93,0
9,93,0
10,93,0
11,93,0
12,93,0
13,93,0
14,93,0
15,93,0
16,93,0
17,93,0
18,93,0
19,93,0
20,93,0
21,93,0
22,93,0
23,93,0
24,93,0
25,93,0
26,93,0
27,93,0
28,93,0
29,93,0
30,93,0
31,93,0
32,93,0
33,93,0
34,93,0
35,93,0
36,93,0
37,93,0
38,93,0
39,93,0
40,93,0
41,93,0
42,93,0
43,93,0
44,93,0
45,93,0
46,93,0
47,93,0
48,93,0
49,93,0
50,93,0
51,93,0
52,93,0
53,93,0
54,93,0
55,93,0
56,93,0
57,93,0
58,93,0
59,93,0
60,93,0
61,93,0
62,93,0
63,93,0
64,93,0
65,93,0
66,93,0
67,93,0
68,93,0
69,93,0
70,93,0
71,93,0
72,93,0
73,93,0
74,93,0
75,93,0
76,93,0
77,93,0
78,93,0
79,93,0
80,93,0
81,93,0
82,93,0
83,93,0
84,93,0
85,93,0
86,93,0
87,93,0
88,93,0
89,93,0
90,93,0
91,93,0
92,93,0
93,93,0
94,93,0
95,93,0
96,93,0
97,93,0
98,93,0
99,93,0
0,92,0
1,92,0
2,92,0
3,92,0
4,92,0
5,92,0
6,92,0
7,92,0
8,92,0
9,92,0
10,92,0
11,92,0
12,92,0
13,92,0
14,92,0
15,92,0
16,92,0
17,92,0
18,92,0
19,92,0
20,92,0
21,92,0
22,92,0
23,92,0
24,92,0
25,92,0
26,92,0
27,92,0
28,92,0
29,92,0
30,92,0
31,92,0
32,92,0
33,92,0
34,92,0
35,92,0
36,92,0
37,92,0
38,92,0
39,92,0
40,92,0
41,92,0
42,92,0
43,92,0
44,92,0
45,92,0
46,92,0
47,92,0
48,92,0
49,92,0
50,92,0
51,92,0
52,92,0
53,92,0
54,92,0
55,92,0
56,92,0
57,92,0
58,92,0
59,92,0
60,92,0
61,92,0
62,92,0
63,92,0
64,92,0
65,92,0
66,92,0
67,92,0
68,92,0
69,92,0
70,92,0
71,92,0
72,92,0
73,92,0
74,92,0
75,92,0
76,92,0
77,92,0
78,92,0
79,92,0
80,92,0
81,92,0
82,92,0
83,92,0
84,92,0
85,92,0
86,92,0
87,92,0
88,92,0
89,92,0
90,92,0
91,92,0
92,92,0
93,92,0
94,92,0
95,92,0
96,92,0
97,92,0
98,92,0
99,92,0
0,91,0
1,91,0
2,91,0
3,91,0
4,91,0
5,91,0
6,91,0
7,91,0
8,91,0
9,91,0
10,91,0
11,91,0
12,91,0
13,91,0
14,91,0
15,91,0
16,91,0
17,91,0
18,91,0
19,91,0
20,91,0
21,91,0
22,91,0
23,91,0
24,91,0
25,91,0
26,91,0
27,91,0
28,91,0
29,91,0
30,91,0
31,91,0
32,91,0
33,91,0
34,91,0
35,91,0
36,91,0
37,91,0
38,91,0
39,91,0
40,91,0
41,91,0
42,91,0
43,91,0
44,91,0
45,91,0
46,91,0
47,91,0
48,91,0
49,91,0
50,91,0
51,91,0
52,91,0
53,91,0
54,91,0
55,91,0
56,91,0
57,91,0
58,91,0
59,91,0
60,91,0
61,91,0
62,91,0
63,91,0
64,91,0
65,91,0
66,91,0
67,91,0
68,91,0
69,91,0
70,91,0
71,91,0
72,91,0
73,91,0
74,91,0
75,91,0
76,91,0
77,91,0
78,91,0
79,91,0
80,91,0
81,91,0
82,91,0
83,91,0
84,91,0
85,91,0
86,91,0
87,91,0
88,91,0
89,91,0
90,91,0
91,91,0
92,91,0
93,91,0
94,91,0
95,91,0
96,91,0
97,91,0
98,91,0
99,91,0
0,90,0
1,90,0
2,90,0
3,90,0
4,90,0
5,90,0
6,90,0
7,90,0
8,90,0
9,90,0
10,90,0
11,90,0
12,90,0
13,90,0
14,90,0
15,90,0
16,90,0
17,90,0
18,90,0
19,90,0
20,90,0
21,90,0
22,90,0
23,90,0
24,90,0
25,90,0
26,90,0
27,90,0
28,90,0
29,90,0
30,90,0
31,90,0
32,90,0
33,90,0
34,90,0
35,90,0
36,90,0
37,90,0
38,90,0
39,90,0
40,90,0
41,90,0
42,90,0
43,90,0
44,90,0
45,90,0
46,90,0
47,90,0
48,90,0
49,90,0
50,90,0
51,90,0
52,90,0
53,90,0
54,90,0
55,90,0
56,90,0
57,90,0
58,90,0
59,90,0
60,90,0
61,90,0
62,90,0
63,90,0
64,90,0
65,90,0
66,90,0
67,90,0
68,90,0
69,90,0
70,90,0
71,90,0
72,90,0
73,90,0
74,90,0
75,90,0
76,90,0
77,90,0
78,90,0
79,90,0
80,90,0
81,90,0
82,90,0
83,90,0
84,90,0
85,90,0
86,90,0
87,90,0
88,90,0
89,90,0
90,90,0
91,90,0
92,90,0
93,90,0
94,90,0
95,90,0
96,90,0
97,90,0
98,90,0
99,90,0
0,89,0
1,89,0
2,89,0
3,89,0
4,89,0
5,89,0
6,89,0
7,89,0
8,89,0
9,89,0
10,89,0
11,89,0
12,89,0
13,89,0
14,89,0
15,89,0
16,89,0
17,89,0
18,89,0
19,89,0
20,89,0
21,89,0
22,89,0
23,89,0
24,89,0
25,89,0
26,89,0
27,89,0
28,89,0
29,89,0
30,89,0
31,89,0
32,89,0
33,89,0
34,89,0
35,89,0
36,89,0
37,89,0
38,89,0
39,89,0
40,89,0
41,89,0
42,89,0
43,89,0
44,89,0
45,89,0
46,89,0
47,89,0
48,89,0
49,89,0
50,89,0
51,89,0
52,89,0
53,89,0
54,89,0
55,89,0
56,89,0
57,89,0
58,89,0
59,89,0
60,89,0
61,89,0
62,89,0
63,89,0
64,89,0
65,89,0
66,89,0
67,89,0
68,89,0
69,89,0
70,89,0
71,89,0
72,89,0
73,89,0
74,89,0
75,89,0
76,89,0
77,89,0
78,89,0
79,89,0
80,89,0
81,89,0
82,89,0
83,89,0
84,89,0
85,89,0
86,89,0
87,89,0
88,89,0
89,89,0
90,89,0
91,89,0
92,89,0
93,89,0
94,89,0
95,89,0
96,89,0
97,89,0
98,89,0
99,89,0
0,88,0
1,88,0
2,88,0
3,88,0
4,88,0
5,88,0
6,88,0
7,88,0
8,88,0
9,88,0
10,88,0
11,88,0
12,88,0
13,88,0
14,88,0
15,88,0
16,88,0
17,88,0
18,88,0
19,88,0
20,88,0
21,88,0
22,88,0
23,88,0
24,88,0
25,88,0
26,88,0
27,88,0
28,88,0
29,88,0
30,88,0
31,88,0
32,88,0
33,88,0
34,88,0
35,88,0
36,88,0
37,88,0
38,88,0
39,88,0
40,88,0
41,88,0
42,88,0
43,88,0
44,88,0
45,88,0
46,88,0
47,88,0
48,88,0
49,88,0
50,88,0
51,88,0
52,88,0
53,88,0
54,88,0
55,88,0
56,88,0
57,88,0
58,88,0
59,88,0
60,88,0
61,88,0
62,88,0
63,88,0
64,88,0
65,88,0
66,88,0
67,88,0
68,88,0
69,88,0
70,88,0
71,88,0
72,88,0
73,88,0
74,88,0
75,88,0
76,88,0
77,88,0
78,88,0
79,88,0
80,88,0
81,88,0
82,88,0
83,88,0
84,88,0
85,88,0
86,88,0
87,88,0
88,88,0
89,88,0
90,88,0
91,88,0
92,88,0
93,88,0
94,88,0
95,88,0
96,88,0
97,88,0
98,88,0
99,88,0
0,87,0
1,87,0
2,87,0
3,87,0
4,87,0
5,87,0
6,87,0
7,87,0
8,87,0
9,87,0
10,87,0
11,87,0
12,87,0
13,87,0
14,87,0
15,87,0
16,87,0
17,87,0
18,87,0
19,87,0
20,87,0
21,87,0
22,87,0
23,87,0
24,87,0
25,87,0
26,87,0
27,87,0
28,87,0
29,87,0
30,87,0
31,87,0
32,87,0
33,87,0
34,87,0
35,87,0
36,87,0
37,87,0
38,87,0
39,87,0
40,87,0
41,87,0
42,87,0
43,87,0
44,87,0
45,87,0
46,87,0
47,87,0
48,87,0
49,87,0
50,87,0
51,87,0
52,87,0
53,87,0
54,87,0
55,87,0
56,87,0
57,87,0
58,87,0
59,87,0
60,87,0
61,87,0
62,87,0
63,87,0
64,87,0
65,87,0
66,87,0
67,87,0
68,87,0
69,87,0
70,87,0
71,87,0
72,87,0
73,87,0
74,87,0
75,87,0
76,87,0
77,87,0
78,87,0
79,87,0
80,87,0
81,87,0
82,87,0
83,87,0
84,87,0
85,87,0
86,87,0
87,87,0
88,87,0
89,87,0
90,87,0
91,87,0
92,87,0
93,87,0
94,87,0
95,87,0
96,87,0
97,87,0
98,87,0
99,87,0
0,86,0
1,86,0
2,86,0
3,86,0
4,86,0
5,86,0
6,86,0
7,86,0
8,86,0
9,86,0
10,86,0
11,86,0
12,86,0
13,86,0
14,86,0
15,86,0
16,86,0
17,86,0
18,86,0
19,86,0
20,86,0
21,86,0
22,86,0
23,86,0
24,86,0
25,86,0
26,86,0
27,86,0
28,86,0
29,86,0
30,86,0
31,86,0
32,86,0
33,86,0
34,86,0
35,86,0
36,86,0
37,86,0
38,86,0
39,86,0
40,86,0
41,86,0
42,86,0
43,86,0
44,86,0
45,86,0
46,86,0
47,86,0
48,86,0
49,86,0
50,86,0
51,86,0
52,86,0
53,86,0
54,86,0
55,86,0
56,86,0
57,86,0
58,86,0
59,86,0
60,86,0
61,86,0
62,86,0
63,86,0
64,86,0
65,86,0
66,86,0
67,86,0
68,86,0
69,86,0
70,86,0
71,86,0
72,86,0
73,86,0
74,86,0
75,86,0
76,86,0
77,86,0
78,86,0
79,86,0
80,86,0
81,86,0
82,86,0
83,86,0
84,86,0
85,86,0
86,86,0
87,86,0
88,86,0
89,86,0
90,86,0
91,86,0
92,86,0
93,86,0
94,86,0
95,86,0
96,86,0
97,86,0
98,86,0
99,86,0
0,85,0
1,85,0
2,85,0
3,85,0
4,85,0
5,85,0
6,85,0
7,85,0
8,85,0
9,85,0
10,85,0
11,85,0
12,85,0
13,85,0
14,85,0
15,85,0
16,85,0
17,85,0
18,85,0
19,85,0
20,85,0
21,85,0
22,85,0
23,85,0
24,85,0
25,85,0
26,85,0
27,85,0
28,85,0
29,85,0
30,85,0
31,85,0
32,85,0
33,85,0
34,85,0
35,85,0
36,85,0
37,85,0
38,85,0
39,85,0
40,85,0
41,85,0
42,85,0
43,85,0
44,85,0
45,85,0
46,85,0
47,85,0
48,85,0
49,85,0
50,85,0
51,85,0
52,85,0
53,85,0
54,85,0
55,85,0
56,85,0
57,85,0
58,85,0
59,85,0
60,85,0
61,85,0
62,85,0
63,85,0
64,85,0
65,85,0
66,85,0
67,85,0
68,85,0
69,85,0
70,85,0
71,85,0
72,85,0
73,85,0
74,85,0
75,85,0
76,85,0
77,85,0
78,85,0
79,85,0
80,85,0
81,85,0
82,85,0
83,85,0
84,85,0
85,85,0
86,85,0
87,85,0
88,85,0
89,85,0
90,85,0
91,85,0
92,85,0
93,85,0
94,85,0
95,85,0
96,85,0
97,85,0
98,85,0
99,85,0
0,84,0
1,84,0
2,84,0
3,84,0
4,84,0
5,84,0
6,84,0
7,84,0
8,84,0
9,84,0
10,84,0
11,84,0
12,84,0
13,84,0
14,84,0
15,84,0
16,84,0
17,84,0
18,84,0
19,84,0
20,84,0
21,84,0
22,84,0
23,84,0
24,84,0
25,84,0
26,84,0
27,84,0
28,84,0
29,84,0
30,84,0
31,84,0
32,84,0
33,84,0
34,84,0
35,84,0
36,84,0
37,84,0
38,84,0
39,84,0
40,84,0
41,84,0
42,84,0
43,84,0
44,84,0
45,84,0
46,84,0
47,84,0
48,84,0
49,84,0
50,84,0
51,84,0
52,84,0
53,84,0
54,84,0
55,84,0
56,84,0
57,84,0
58,84,0
59,84,0
60,84,0
61,84,0
62,84,0
63,84,0
64,84,0
65,84,0
66,84,0
67,84,0
68,84,0
69,84,0
70,84,0
71,84,0
72,84,0
73,84,0
74,84,0
75,84,0
76,84,0
77,84,0
78,84,0
79,84,0
80,84,0
81,84,0
82,84,0
83,84,0
84,84,0
85,84,0
86,84,0
87,84,0
88,84,0
89,84,0
90,84,0
91,84,0
92,84,0
93,84,0
94,84,0
95,84,0
96,84,0
97,84,0
98,84,0
99,84,0
0,83,0
1,83,0
2,83,0
3,83,0
4,83,0
5,83,0
6,83,0
7,83,0
8,83,0
9,83,0
10,83,0
11,83,0
12,83,0
13,83,0
14,83,0
15,83,0
16,83,0
17,83,0
18,83,0
19,83,0
20,83,0
21,83,0
22,83,0
23,83,0
24,83,0
25,83,0
26,83,0
27,83,0
28,83,0
29,83,0
30,83,0
31,83,0
32,83,0
33,83,0
34,83,0
35,83,0
36,83,0
37,83,0
38,83,0
39,83,0
40,83,0
41,83,0
42,83,0
43,83,0
44,83,0
45,83,0
46,83,0
47,83,0
48,83,0
49,83,0
50,83,0
51,83,0
52,83,0
53,83,0
54,83,0
55,83,0
56,83,0
57,83,0
58,83,0
59,83,0
60,83,0
61,83,0
62,83,0
63,83,0
64,83,0
65,83,0
66,83,0
67,83,0
68,83,0
69,83,0
70,83,0
71,83,0
72,83,0
73,83,0
74,83,0
75,83,0
76,83,0
77,83,0
78,83,0
79,83,0
80,83,0
81,83,0
82,83,0
83,83,0
84,83,0
85,83,0
86,83,0
87,83,0
88,83,0
89,83,0
90,83,0
91,83,0
92,83,0
93,83,0
94,83,0
95,83,0
96,83,0
97,83,0
98,83,0
99,83,0
0,82,0
1,82,0
2,82,0
3,82,0
4,82,0
5,82,0
6,82,0
7,82,0
8,82,0
9,82,0
10,82,0
11,82,0
12,82,0
13,82,0
14,82,0
15,82,0
16,82,0
17,82,0
18,82,0
19,82,0
20,82,0
21,82,0
22,82,0
23,82,0
24,82,0
25,82,0
26,82,0
27,82,0
28,82,0
29,82,0
30,82,0
31,82,0
32,82,0
33,82,0
34,82,0
35,82,0
36,82,0
37,82,0
38,82,0
39,82,0
40,82,0
41,82,0
42,82,0
43,82,0
44,82,0
45,82,0
46,82,0
47,82,0
48,82,0
49,82,0
50,82,0
51,82,0
52,82,0
53,82,0
54,82,0
55,82,0
56,82,0
57,82,0
58,82,0
59,82,0
60,82,0
61,82,0
62,82,0
63,82,0
64,82,0
65,82,0
66,82,0
67,82,0
68,82,0
69,82,0
70,82,0
71,82,0
72,82,0
73,82,0
74,82,0
75,82,0
76,82,0
77,82,0
78,82,0
79,82,0
80,82,0
81,82,0
82,82,0
83,82,0
84,82,0
85,82,0
86,82,0
87,82,0
88,82,0
89,82,0
90,82,0
91,82,0
92,82,0
93,82,0
94,82,0
95,82,0
96,82,0
97,82,0
98,82,0
99,82,0
0,81,0
1,81,0
2,81,0
3,81,0
4,81,0
5,81,0
6,81,0
7,81,0
8,81,0
9,81,0
10,81,0
11,81,0
12,81,0
13,81,0
14,81,0
15,81,0
16,81,0
17,81,0
18,81,0
19,81,0
20,81,0
21,81,0
22,81,0
23,81,0
24,81,0
25,81,0
26,81,0
27,81,0
28,81,0
29,81,0
30,81,0
31,81,0
32,81,0
33,81,0
34,81,0
35,81,0
36,81,0
37,81,0
38,81,0
39,81,0
40,81,0
41,81,0
42,81,0
43,81,0
44,81,0
45,81,0
46,81,0
47,81,0
48,81,0
49,81,0
50,81,0
51,81,0
52,81,0
53,81,0
54,81,0
55,81,0
56,81,0
57,81,0
58,81,0
59,81,0
60,81,0
61,81,0
62,81,0
63,81,0
64,81,0
65,81,0
66,81,0
67,81,0
68,81,0
69,81,0
70,81,0
71,81,0
72,81,0
73,81,0
74,81,0
75,81,0
76,81,0
77,81,0
78,81,0
79,81,0
80,81,0
81,81,0
82,81,0
83,81,0
84,81,0
85,81,0
86,81,0
87,81,0
88,81,0
89,81,0
90,81,0
91,81,0
92,81,0
93,81,0
94,81,0
95,81,0
96,81,0
97,81,0
98,81,0
99,81,0
0,80,0
1,80,0
2,80,0
3,80,0
4,80,0
5,80,0
6,80,0
7,80,0
8,80,0
9,80,0
10,80,0
11,80,0
12,80,0
13,80,0
14,80,0
15,80,0
16,80,0
17,80,0
18,80,0
19,80,0
20,80,0
21,80,0
22,80,0
23,80,0
24,80,0
25,80,0
26,80,0
27,80,0
28,80,0
29,80,0
30,80,0
31,80,0
32,80,0
33,80,0
34,80,0
35,80,0
36,80,0
37,80,0
38,80,0
39,80,0
40,80,0
41,80,0
42,80,0
43,80,0
44,80,0
45,80,0
46,80,0
47,80,0
48,80,0
49,80,0
50,80,0
51,80,0
52,80,0
53,80,0
54,80,0
55,80,0
56,80,0
57,80,0
58,80,0
59,80,0
60,80,0
61,80,0
62,80,0
63,80,0
64,80,0
65,80,0
66,80,0
67,80,0
68,80,0
69,80,0
70,80,0
71,80,0
72,80,0
73,80,0
74,80,0
75,80,0
76,80,0
77,80,0
78,80,0
79,80,0
80,80,0
81,80,0
82,80,0
83,80,0
84,80,0
85,80,0
86,80,0
87,80,0
88,80,0
89,80,0
90,80,0
91,80,0
92,80,0
93,80,0
94,80,0
95,80,0
96,80,0
97,80,0
98,80,0
99,80,0
0,79,0
1,79,0
2,79,0
3,79,0
4,79,0
5,79,0
6,79,0
7,79,0
8,79,0
9,79,0
10,79,0
11,79,0
12,79,0
13,79,0
14,79,0
15,79,0
16,79,0
17,79,0
18,79,0
19,79,0
20,79,0
21,79,0
22,79,0
23,79,0
24,79,0
25,79,0
26,79,0
27,79,0
28,79,0
29,79,0
30,79,0
31,79,0
32,79,0
33,79,0
34,79,0
35,79,0
36,79,0
37,79,0
38,79,0
39,79,0
40,79,0
41,79,0
42,79,0
43,79,0
44,79,0
45,79,0
46,79,0
47,79,0
48,79,0
49,79,0
50,79,0
51,79,0
52,79,0
53,79,0
54,79,0
55,79,0
56,79,0
57,79,0
58,79,0
59,79,0
60,79,0
61,79,0
62,79,0
63,79,0
64,79,0
65,79,0
66,79,0
67,79,0
68,79,0
69,79,0
70,79,0
71,79,0
72,79,0
73,79,0
74,79,0
75,79,0
76,79,0
77,79,0
78,79,0
79,79,0
80,79,0
81,79,0
82,79,0
83,79,0
84,79,0
85,79,0
86,79,0
87,79,0
88,79,0
89,79,0
90,79,0
91,79,0
92,79,0
93,79,0
94,79,0
95,79,0
96,79,0
97,79,0
98,79,0
99,79,0
0,78,0
1,78,0
2,78,0
3,78,0
4,78,0
5,78,0
6,78,0
7,78,0
8,78,0
9,78,0
10,78,0
11,78,0
12,78,0
13,78,0
14,78,0
15,78,0
16,78,0
17,78,0
18,78,0
19,78,0
20,78,0
21,78,0
22,78,0
23,78,0
24,78,0
25,78,0
26,78,0
27,78,0
28,78,0
29,78,0
30,78,0
31,78,0
32,78,0
33,78,0
34,78,0
35,78,0
36,78,0
37,78,0
38,78,0
39,78,0
40,78,0
41,78,0
42,78,0
43,78,0
44,78,0
45,78,0
46,78,0
47,78,0
48,78,0
49,78,0
50,78,0
51,78,0
52,78,0
53,78,0
54,78,0
55,78,0
56,78,0
57,78,0
58,78,0
59,78,0
60,78,0
61,78,0
62,78,0
63,78,0
64,78,0
65,78,0
66,78,0
67,78,0
68,78,0
69,78,0
70,78,0
71,78,0
72,78,0
73,78,0
74,78,0
75,78,0
76,78,0
77,78,0
78,78,0
79,78,0
80,78,0
81,78,0
82,78,0
83,78,0
84,78,0
85,78,0
86,78,0
87,78,0
88,78,0
89,78,0
90,78,0
91,78,0
92,78,0
93,78,0
94,78,0
95,78,0
96,78,0
97,78,0
98,78,0
99,78,0
0,77,0
1,77,0
2,77,0
3,77,0
4,77,0
5,77,0
6,77,0
7,77,0
8,77,0
9,77,0
10,77,0
11,77,0
12,77,0
13,77,0
14,77,0
15,77,0
16,77,0
17,77,0
18,77,0
19,77,0
20,77,0
21,77,0
22,77,0
23,77,0
24,77,0
25,77,0
26,77,0
27,77,0
28,77,0
29,77,0
30,77,0
31,77,0
32,77,0
33,77,0
34,77,0
35,77,0
36,77,0
37,77,0
38,77,0
39,77,0
40,77,0
41,77,0
42,77,0
43,77,0
44,77,0
45,77,0
46,77,0
47,77,0
48,77,0
49,77,0
50,77,0
51,77,0
52,77,0
53,77,0
54,77,0
55,77,0
56,77,0
57,77,0
58,77,0
59,77,0
60,77,0
61,77,0
62,77,0
63,77,0
64,77,0
65,77,0
66,77,0
67,77,0
68,77,0
69,77,0
70,77,0
71,77,0
72,77,0
73,77,0
74,77,0
75,77,0
76,77,0
77,77,0
78,77,0
79,77,0
80,77,0
81,77,0
82,77,0
83,77,0
84,77,0
85,77,0
86,77,0
87,77,0
88,77,0
89,77,0
90,77,0
91,77,0
92,77,0
93,77,0
94,77,0
95,77,0
96,77,0
97,77,0
98,77,0
99,77,0
0,76,0
1,76,0
2,76,0
3,76,0
4,76,0
5,76,0
6,76,0
7,76,0
8,76,0
9,76,0
10,76,0
11,76,0
12,76,0
13,76,0
14,76,0
15,76,0
16,76,0
17,76,0
18,76,0
19,76,0
20,76,0
21,76,0
22,76,0
23,76,0
24,76,0
25,76,0
26,76,0
27,76,0
28,76,0
29,76,0
30,76,0
31,76,0
32,76,0
33,76,0
34,76,0
35,76,0
36,76,0
37,76,0
38,76,0
39,76,0
40,76,0
41,76,0
42,76,0
43,76,0
44,76,0
45,76,0
46,76,0
47,76,0
48,76,0
49,76,0
50,76,0
51,76,0
52,76,0
53,76,0
54,76,0
55,76,0
56,76,0
57,76,0
58,76,0
59,76,0
60,76,0
61,76,0
62,76,0
63,76,0
64,76,0
65,76,0
66,76,0
67,76,0
68,76,0
69,76,0
70,76,0
71,76,0
72,76,0
73,76,0
74,76,0
75,76,0
76,76,0
77,76,0
78,76,0
79,76,0
80,76,0
81,76,0
82,76,0
83,76,0
84,76,0
85,76,0
86,76,0
87,76,0
88,76,0
89,76,0
90,76,0
91,76,0
92,76,0
93,76,0
94,76,0
95,76,0
96,76,0
97,76,0
98,76,0
99,76,0
0,75,0
1,75,0
2,75,0
3,75,0
4,75,0
5,75,0
6,75,0
7,75,0
8,75,0
9,75,0
10,75,0
11,75,0
12,75,0
13,75,0
14,75,0
15,75,0
16,75,0
17,75,0
18,75,0
19,75,0
20,75,0
21,75,0
22,75,0
23,75,0
24,75,0
25,75,0
26,75,0
27,75,0
28,75,0
29,75,0
30,75,0
31,75,0
32,75,0
33,75,0
34,75,0
35,75,0
36,75,0
37,75,0
38,75,0
39,75,0
40,75,0
41,75,0
42,75,0
43,75,0
44,75,0
45,75,0
46,75,0
47,75,0
48,75,0
49,75,0
50,75,0
51,75,0
52,75,0
53,75,0
54,75,0
55,75,0
56,75,0
57,75,0
58,75,0
59,75,0
60,75,0
61,75,0
62,75,0
63,75,0
64,75,0
65,75,0
66,75,0
67,75,0
68,75,0
69,75,0
70,75,0
71,75,0
72,75,0
73,75,0
74,75,0
75,75,0
76,75,0
77,75,0
78,75,0
79,75,0
80,75,0
81,75,0
82,75,0
83,75,0
84,75,0
85,75,0
86,75,0
87,75,0
88,75,0
89,75,0
90,75,0
91,75,0
92,75,0
93,75,0
94,75,0
95,75,0
96,75,0
97,75,0
98,75,0
99,75,0
0,74,0
1,74,0
2,74,0
3,74,0
4,74,0
5,74,0
6,74,0
7,74,0
8,74,0
9,74,0
10,74,0
11,74,0
12,74,0
13,74,0
14,74,0
15,74,0
16,74,0
17,74,0
18,74,0
19,74,0
20,74,0
21,74,0
22,74,0
23,74,0
24,74,0
25,74,0
26,74,0
27,74,0
28,74,0
29,74,0
30,74,0
31,74,0
32,74,0
33,74,0
34,74,0
35,74,0
36,74,0
37,74,0
38,74,0
39,74,0
40,74,0
41,74,0
42,74,0
43,74,0
44,74,0
45,74,0
46,74,0
47,74,0
48,74,0
49,74,0
50,74,0
51,74,0
52,74,0
53,74,0
54,74,0
55,74,0
56,74,0
57,74,0
58,74,0
59,74,0
60,74,0
61,74,0
62,74,0
63,74,0
64,74,0
65,74,0
66,74,0
67,74,0
68,74,0
69,74,0
70,74,0
71,74,0
72,74,0
73,74,0
74,74,0
75,74,0
76,74,0
77,74,0
78,74,0
79,74,0
80,74,0
81,74,0
82,74,0
83,74,0
84,74,0
85,74,0
86,74,0
87,74,0
88,74,0
89,74,0
90,74,0
91,74,0
92,74,0
93,74,0
94,74,0
95,74,0
96,74,0
97,74,0
98,74,0
99,74,0
0,73,0
1,73,0
2,73,0
3,73,0
4,73,0
5,73,0
6,73,0
7,73,0
8,73,0
9,73,0
10,73,0
11,73,0
12,73,0
13,73,0
14,73,0
15,73,0
16,73,0
17,73,0
18,73,0
19,73,0
20,73,0
21,73,0
22,73,0
23,73,0
24,73,0
25,73,0
26,73,0
27,73,0
28,73,0
29,73,0
30,73,0
31,73,0
32,73,0
33,73,0
34,73,0
35,73,0
36,73,0
37,73,0
38,73,0
39,73,0
40,73,0
41,73,0
42,73,0
43,73,0
44,73,0
45,73,0
46,73,0
47,73,0
48,73,0
49,73,0
50,73,0
51,73,0
52,73,0
53,73,0
54,73,0
55,73,0
56,73,0
57,73,0
58,73,0
59,73,0
60,73,0
61,73,0
62,73,0
63,73,0
64,73,0
65,73,0
66,73,0
67,73,0
68,73,0
69,73,0
70,73,0
71,73,0
72,73,0
73,73,0
74,73,0
75,73,0
76,73,0
77,73,0
78,73,0
79,73,0
80,73,0
81,73,0
82,73,0
83,73,0
84,73,0
85,73,0
86,73,0
87,73,0
88,73,0
89,73,0
90,73,0
91,73,0
92,73,0
93,73,0
94,73,0
95,73,0
96,73,0
97,73,0
98,73,0
99,73,0
0,72,0
1,72,0
2,72,0
3,72,0
4,72,0
5,72,0
6,72,0
7,72,0
8,72,0
9,72,0
10,72,0
11,72,0
12,72,0
13,72,0
14,72,0
15,72,0
16,72,0
17,72,0
18,72,0
19,72,0
20,72,0
21,72,0
22,72,0
23,72,0
24,72,0
25,72,0
26,72,0
27,72,0
28,72,0
29,72,0
30,72,0
31,72,0
32,72,0
33,72,0
34,72,0
35,72,0
36,72,0
37,72,0
38,72,0
39,72,0
40,72,0
41,72,0
42,72,0
43,72,0
44,72,0
45,72,0
46,72,0
47,72,0
48,72,0
49,72,0
50,72,0
51,72,0
52,72,0
53,72,0
54,72,0
55,72,0
56,72,0
57,72,0
58,72,0
59,72,0
60,72,0
61,72,0
62,72,0
63,72,0
64,72,0
65,72,0
66,72,0
67,72,0
68,72,0
69,72,0
70,72,0
71,72,0
72,72,0
73,72,0
74,72,0
75,72,0
76,72,0
77,72,0
78,72,0
79,72,0
80,72,0
81,72,0
82,72,0
83,72,0
84,72,0
85,72,0
86,72,0
87,72,0
88,72,0
89,72,0
90,72,0
91,72,0
92,72,0
93,72,0
94,72,0
95,72,0
96,72,0
97,72,0
98,72,0
99,72,0
0,71,0
1,71,0
2,71,0
3,71,0
4,71,0
5,71,0
6,71,0
7,71,0
8,71,0
9,71,0
10,71,0
11,71,0
12,71,0
13,71,0
14,71,0
15,71,0
16,71,0
17,71,0
18,71,0
19,71,0
20,71,0
21,71,0
22,71,0
23,71,0
24,71,0
25,71,0
26,71,0
27,71,0
28,71,0
29,71,0
30,71,0
31,71,0
32,71,0
33,71,0
34,71,0
35,71,0
36,71,0
37,71,0
38,71,0
39,71,0
40,71,0
41,71,0
42,71,0
43,71,0
44,71,0
45,71,0
46,71,0
47,71,0
48,71,0
49,71,0
50,71,0
51,71,0
52,71,0
53,71,0
54,71,0
55,71,0
56,71,0
57,71,0
58,71,0
59,71,0
60,71,0
61,71,0
62,71,0
63,71,0
64,71,0
65,71,0
66,71,0
67,71,0
68,71,0
69,71,0
70,71,0
71,71,0
72,71,0
73,71,0
74,71,0
75,71,0
76,71,0
77,71,0
78,71,0
79,71,0
80,71,0
81,71,0
82,71,0
83,71,0
84,71,0
85,71,0
86,71,0
87,71,0
88,71,0
89,71,0
90,71,0
91,71,0
92,71,0
93,71,0
94,71,0
95,71,0
96,71,0
97,71,0
98,71,0
99,71,0
0,70,0
1,70,0
2,70,0
3,70,0
4,70,0
5,70,0
6,70,0
7,70,0
8,70,0
9,70,0
10,70,0
11,70,0
12,70,0
13,70,0
14,70,0
15,70,0
16,70,0
17,70,1
18,70,1
19,70,1
20,70,1
21,70,1
22,70,1
23,70,1
24,70,1
25,70,1
26,70,1
27,70,1
28,70,1
29,70,1
30,70,1
31,70,1
32,70,1
33,70,1
34,70,1
35,70,0
36,70,0
37,70,0
38,70,0
39,70,0
40,70,0
41,70,0
42,70,0
43,70,0
44,70,0
45,70,0
46,70,0
47,70,0
48,70,0
49,70,0
50,70,0
51,70,0
52,70,0
53,70,0
54,70,0
55,70,0
56,70,0
57,70,0
58,70,0
59,70,0
60,70,0
61,70,0
62,70,0
63,70,0
64,70,0
65,70,0
66,70,0
67,70,0
68,70,0
69,70,0
70,70,0
71,70,0
72,70,0
73,70,0
74,70,0
75,70,0
76,70,0
77,70,0
78,70,0
79,70,0
80,70,0
81,70,0
82,70,0
83,70,0
84,70,0
85,70,0
86,70,0
87,70,0
88,70,0
89,70,0
90,70,0
91,70,0
92,70,0
93,70,0
94,70,0
95,70,0
96,70,0
97,70,0
98,70,0
99,70,0
0,69,0
1,69,0
2,69,0
3,69,0
4,69,0
5,69,0
6,69,0
7,69,0
8,69,0
9,69,0
10,69,0
11,69,0
12,69,0
13,69,0
14,69,0
15,69,0
16,69,0
17,69,1
18,69,2
19,69,2
20,69,2
21,69,2
22,69,2
23,69,2
24,69,2
25,69,2
26,69,2
27,69,2
28,69,2
29,69,2
30,69,2
31,69,2
32,69,2
33,69,2
34,69,1
35,69,0
36,69,0
37,69,0
38,69,0
39,69,0
40,69,0
41,69,0
42,69,0
43,69,0
44,69,0
45,69,0
46,69,0
47,69,0
48,69,0
49,69,0
50,69,0
51,69,0
52,69,0
53,69,0
54,69,0
55,69,0
56,69,0
57,69,0
58,69,0
59,69,0
60,69,0
61,69,0
62,69,0
63,69,0
64,69,0
65,69,0
66,69,0
67,69,0
68,69,0
69,69,0
70,69,0
71,69,0
72,69,0
73,69,0
74,69,0
75,69,0
76,69,0
77,69,0
78,69,0
79,69,0
80,69,0
81,69,0
82,69,0
83,69,0
84,69,0
85,69,0
86,69,0
87,69,0
88,69,0
89,69,0
90,69,0
91,69,0
92,69,0
93,69,0
94,69,0
95,69,0
96,69,0
97,69,0
98,69,0
99,69,0
0,68,0
1,68,0
2,68,0
3,68,0
4,68,0
5,68,0
6,68,0
7,68,0
8,68,0
9,68,0
10,68,0
11,68,0
12,68,0
13,68,0
14,68,0
15,68,0
16,68,0
17,68,1
18,68,2
19,68,3
20,68,3
21,68,3
22,68,3
23,68,3
24,68,3
25,68,3
26,68,3
27,68,3
28,68,3
29,68,3
30,68,3
31,68,3
32,68,3
33,68,1
34,68,1
35,68,0
36,68,0
37,68,0
38,68,0
39,68,0
40,68,0
41,68,0
42,68,0
43,68,0
44,68,0
45,68,0
46,68,0
47,68,0
48,68,0
49,68,0
50,68,0
51,68,0
52,68,0
53,68,0
54,68,0
55,68,0
56,68,0
57,68,0
58,68,0
59,68,0
60,68,0
61,68,0
62,68,0
63,68,0
64,68,0
65,68,0
66,68,0
67,68,0
68,68,0
69,68,0
70,68,0
71,68,0
72,68,0
73,68,0
74,68,0
75,68,0
76,68,0
77,68,0
78,68,0
79,68,0
80,68,0
81,68,0
82,68,0
83,68,0
84,68,0
85,68,0
86,68,0
87,68,0
88,68,0
89,68,0
90,68,0
91,68,0
92,68,0
93,68,0
94,68,0
95,68,0
96,68,0
97,68,0
98,68,0
99,68,0
0,67,0
1,67,0
2,67,0
3,67,0
4,67,0
5,67,0
6,67,0
7,67,0
8,67,0
9,67,0
10,67,0
11,67,0
12,67,0
13,67,0
14,67,0
15,67,0
16,67,1
17,67,2
18,67,3
19,67,4
20,67,4
21,67,4
22,67,4
23,67,4
24,67,4
25,67,4
26,67,4
27,67,4
28,67,4
29,67,4
30,67,4
31,67,3
32,67,2
33,67,1
34,67,0
35,67,0
36,67,0
37,67,0
38,67,0
39,67,0
40,67,0
41,67,0
42,67,0
43,67,0
44,67,0
45,67,0
46,67,0
47,67,0
48,67,0
49,67,0
50,67,0
51,67,0
52,67,0
53,67,0
54,67,0
55,67,0
56,67,0
57,67,0
58,67,0
59,67,0
60,67,0
61,67,0
62,67,0
63,67,0
64,67,0
65,67,0
66,67,0
67,67,0
68,67,0
69,67,0
70,67,0
71,67,0
72,67,0
73,67,0
74,67,0
75,67,0
76,67,0
77,67,0
78,67,0
79,67,0
80,67,0
81,67,0
82,67,0
83,67,0
84,67,0
85,67,0
86,67,0
87,67,0
88,67,0
89,67,0
90,67,0
91,67,0
92,67,0
93,67,0
94,67,0
95,67,0
96,67,0
97,67,0
98,67,0
99,67,0
0,66,0
1,66,0
2,66,0
3,66,0
4,66,0
5,66,0
6,66,0
7,66,0
8,66,0
9,66,0
10,66,0
11,66,0
12,66,0
13,66,0
14,66,0
15,66,0
16,66,1
17,66,2
18,66,3
19,66,4
20,66,5
21,66,5
22,66,5
23,66,5
24,66,5
25,66,5
26,66,5
27,66,5
28,66,5
29,66,5
30,66,4
31,66,3
32,66,2
33,66,1
34,66,0
35,66,0
36,66,0
37,66,0
38,66,0
39,66,0
40,66,0
41,66,0
42,66,0
43,66,0
44,66,0
45,66,0
46,66,0
47,66,0
48,66,0
49,66,0
50,66,0
51,66,0
52,66,0
53,66,0
54,66,0
55,66,0
56,66,0
57,66,0
58,66,0
59,66,0
60,66,0
61,66,0
62,66,0
63,66,0
64,66,0
65,66,0
66,66,0
67,66,0
68,66,0
69,66,0
70,66,0
71,66,0
72,66,0
73,66,0
74,66,0
75,66,0
76,66,0
77,66,0
78,66,0
79,66,0
80,66,0
81,66,0
82,66,0
83,66,0
84,66,0
85,66,0
86,66,0
87,66,0
88,66,0
89,66,0
90,66,0
91,66,0
92,66,0
93,66,0
94,66,0
95,66,0
96,66,0
97,66,0
98,66,0
99,66,0
0,65,0
1,65,0
2,65,0
3,65,0
4,65,0
5,65,0
6,65,0
7,65,0
8,65,0
9,65,0
10,65,0
11,65,0
12,65,0
13,65,0
14,65,0
15,65,0
16,65,1
17,65,2
18,65,3
19,65,4
20,65,5
21,65,6
22,65,6
23,65,6
24,65,6
25,65,6
26,65,6
27,65,6
28,65,6
29,65,5
30,65,4
31,65,3
32,65,2
33,65,1
34,65,0
35,65,0
36,65,0
37,65,0
38,65,0
39,65,0
40,65,0
41,65,0
42,65,0
43,65,0
44,65,0
45,65,0
46,65,0
47,65,0
48,65,0
49,65,0
50,65,0
51,65,0
52,65,0
53,65,0
54,65,0
55,65,0
56,65,0
57,65,0
58,65,0
59,65,0
60,65,0
61,65,0
62,65,0
63,65,0
64,65,0
65,65,0
66,65,0
67,65,0
68,65,0
69,65,0
70,65,0
71,65,0
72,65,0
73,65,0
74,65,0
75,65,0
76,65,0
77,65,0
78,65,0
79,65,0
80,65,0
81,65,0
82,65,0
83,65,0
84,65,0
85,65,0
86,65,0
87,65,0
88,65,0
89,65,0
90,65,0
91,65,0
92,65,0
93,65,0
94,65,0
95,65,0
96,65,0
97,65,0
98,65,0
99,65,0
0,64,0
1,64,0
2,64,0
3,64,0
4,64,0
5,64,0
6,64,0
7,64,0
8,64,0
9,64,0
10,64,0
11,64,0
12,64,0
13,64,0
14,64,0
15,64,0
16,64,1
17,64,2
18,64,3
19,64,4
20,64,5
21,64,6
22,64,7
23,64,7
24,64,7
25,64,7
26,64,7
27,64,7
28,64,5
29,64,4
30,64,3
31,64,2
32,64,1
33,64,1
34,64,0
35,64,0
36,64,0
37,64,0
38,64,0
39,64,0
40,64,0
41,64,0
42,64,0
43,64,0
44,64,0
45,64,0
46,64,0
47,64,0
48,64,0
49,64,0
50,64,0
51,64,0
52,64,0
53,64,0
54,64,0
55,64,0
56,64,0
57,64,0
58,64,0
59,64,0
60,64,0
61,64,0
62,64,0
63,64,0
64,64,0
65,64,0
66,64,0
67,64,0
68,64,0
69,64,0
70,64,0
71,64,0
72,64,0
73,64,0
74,64,0
75,64,0
76,64,0
77,64,0
78,64,0
79,64,0
80,64,0
81,64,0
82,64,0
83,64,0
84,64,0
85,64,0
86,64,0
87,64,0
88,64,0
89,64,0
90,64,0
91,64,0
92,64,0
93,64,0
94,64,0
95,64,0
96,64,0
97,64,0
98,64,0
99,64,0
0,63,0
1,63,0
2,63,0
3,63,0
4,63,0
5,63,0
6,63,0
7,63,0
8,63,0
9,63,0
10,63,0
11,63,0
12,63,0
13,63,0
14,63,0
15,63,1
16,63,2
17,63,3
18,63,4
19,63,5
20,63,6
21,63,7
22,63,8
23,63,8
24,63,8
25,63,8
26,63,7
27,63,6
28,63,5
29,63,4
30,63,3
31,63,2
32,63,1
33,63,0
34,63,0
35,63,0
36,63,0
37,63,0
38,63,0
39,63,0
40,63,0
41,63,0
42,63,0
43,63,0
44,63,0
45,63,0
46,63,0
47,63,0
48,63,0
49,63,0
50,63,0
51,63,0
52,63,0
53,63,0
54,63,0
55,63,0
56,63,0
57,63,0
58,63,0
59,63,0
60,63,0
61,63,0
62,63,0
63,63,0
64,63,0
65,63,0
66,63,0
67,63,0
68,63,0
69,63,0
70,63,0
71,63,0
72,63,0
73,63,0
74,63,0
75,63,0
76,63,0
77,63,0
78,63,0
79,63,0
80,63,0
81,63,0
82,63,0
83,63,0
84,63,0
85,63,0
86,63,0
87,63,0
88,63,0
89,63,0
90,63,0
91,63,0
92,63,0
93,63,0
94,63,0
95,63,0
96,63,0
97,63,0
98,63,0
99,63,0
0,62,0
1,62,0
2,62,0
3,62,0
4,62,0
5,62,0
6,62,0
7,62,0
8,62,0
9,62,0
10,62,0
11,62,0
12,62,0
13,62,0
14,62,0
15,62,1
16,62,2
17,62,3
18,62,4
19,62,5
20,62,6
21,62,7
22,62,8
23,62,9
24,62,9
25,62,8
26,62,7
27,62,6
28,62,5
29,62,4
30,62,3
31,62,2
32,62,1
33,62,0
34,62,0
35,62,0
36,62,0
37,62,0
38,62,0
39,62,0
40,62,0
41,62,0
42,62,0
43,62,0
44,62,0
45,62,0
46,62,0
47,62,0
48,62,0
49,62,0
50,62,0
51,62,0
52,62,0
53,62,0
54,62,0
55,62,0
56,62,0
57,62,0
58,62,0
59,62,0
60,62,0
61,62,0
62,62,0
63,62,0
64,62,0
65,62,0
66,62,0
67,62,0
68,62,0
69,62,0
70,62,0
71,62,0
72,62,0
73,62,0
74,62,0
75,62,0
76,62,0
77,62,0
78,62,0
79,62,0
80,62,0
81,62,0
82,62,0
83,62,0
84,62,0
85,62,0
86,62,0
87,62,0
88,62,0
89,62,0
90,62,0
91,62,0
92,62,0
93,62,0
94,62,0
95,62,0
96,62,0
97,62,0
98,62,0
99,62,0
0,61,0
1,61,0
2,61,0
3,61,0
4,61,0
5,61,0
6,61,0
7,61,0
8,61,0
9,61,0
10,61,0
11,61,0
12,61,0
13,61,0
14,61,0
15,61,1
16,61,2
17,61,3
18,61,4
19,61,5
20,61,6
21,61,7
22,61,8
23,61,9
24,61,8
25,61,7
26,61,6
27,61,5
28,61,4
29,61,3
30,61,2
31,61,1
32,61,1
33,61,0
34,61,0
35,61,0
36,61,0
37,61,0
38,61,0
39,61,0
40,61,0
41,61,0
42,61,0
43,61,0
44,61,0
45,61,0
46,61,0
47,61,0
48,61,0
49,61,0
50,61,0
51,61,0
52,61,0
53,61,0
54,61,0
55,61,0
56,61,0
57,61,0
58,61,0
59,61,0
60,61,0
61,61,0
62,61,0
63,61,0
64,61,0
65,61,0
66,61,0
67,61,0
68,61,0
69,61,0
70,61,0
71,61,0
72,61,0
73,61,0
74,61,0
75,61,0
76,61,0
77,61,0
78,61,0
79,61,0
80,61,0
81,61,0
82,61,0
83,61,0
84,61,0
85,61,0
86,61,0
87,61,0
88,61,0
89,61,0
90,61,0
91,61,0
92,61,0
93,61,0
94,61,0
95,61,0
96,61,0
97,61,0
98,61,0
99,61,0
0,60,0
1,60,0
2,60,0
3,60,0
4,60,0
5,60,0
6,60,0
7,60,0
8,60,0
9,60,0
10,60,0
11,60,0
12,60,0
13,60,0
14,60,1
15,60,2
16,60,3
17,60,4
18,60,5
19,60,6
20,60,7
21,60,8
22,60,9
23,60,9
24,60,8
25,60,7
26,60,6
27,60,5
28,60,4
29,60,3
30,60,2
31,60,1
32,60,0
33,60,0
34,60,0
35,60,0
36,60,0
37,60,0
38,60,0
39,60,0
40,60,0
41,60,0
42,60,0
43,60,0
44,60,0
45,60,0
46,60,0
47,60,0
48,60,0
49,60,0
50,60,0
51,60,0
52,60,0
53,60,0
54,60,0
55,60,0
56,60,0
57,60,0
58,60,0
59,60,0
60,60,0
61,60,0
62,60,0
63,60,0
64,60,0
65,60,0
66,60,0
67,60,0
68,60,0
69,60,0
70,60,0
71,60,0
72,60,0
73,60,0
74,60,0
75,60,0
76,60,0
77,60,0
78,60,0
79,60,0
80,60,0
81,60,0
82,60,0
83,60,0
84,60,0
85,60,0
86,60,0
87,60,0
88,60,0
89,60,0
90,60,0
91,60,0
92,60,0
93,60,0
94,60,0
95,60,0
96,60,0
97,60,0
98,60,0
99,60,0
0,59,0
1,59,0
2,59,0
3,59,0
4,59,0
5,59,0
6,59,0
7,59,0
8,59,0
9,59,0
10,59,0
11,59,0
12,59,0
13,59,0
14,59,1
15,59,2
16,59,3
17,59,4
18,59,5
19,59,6
20,59,7
21,59,8
22,59,9
23,59,9
24,59,8
25,59,7
26,59,6
27,59,5
28,59,4
29,59,3
30,59,2
31,59,1
32,59,0
33,59,0
34,59,0
35,59,0
36,59,0
37,59,0
38,59,0
39,59,0
40,59,0
41,59,0
42,59,0
43,59,0
44,59,0
45,59,0
46,59,0
47,59,0
48,59,0
49,59,0
50,59,0
51,59,0
52,59,0
53,59,0
54,59,0
55,59,0
56,59,0
57,59,0
58,59,0
59,59,0
60,59,0
61,59,0
62,59,0
63,59,0
64,59,0
65,59,0
66,59,0
67,59,0
68,59,0
69,59,0
70,59,0
71,59,0
72,59,0
73,59,0
74,59,0
75,59,0
76,59,0
77,59,0
78,59,0
79,59,0
80,59,0
81,59,0
82,59,0
83,59,0
84,59,0
85,59,0
86,59,0
87,59,0
88,59,0
89,59,0
90,59,0
91,59,0
92,59,0
93,59,0
94,59,0
95,59,0
96,59,0
97,59,0
98,59,0
99,59,0
0,58,0
1,58,0
2,58,0
3,58,0
4,58,0
5,58,0
6,58,0
7,58,0
8,58,0
9,58,0
10,58,0
11,58,0
12,58,0
13,58,0
14,58,1
15,58,2
16,58,3
17,58,4
18,58,5
19,58,6
20,58,7
21,58,8
22,58,9
23,58,10
24,58,8
25,58,7
26,58,6
27,58,5
28,58,4
29,58,3
30,58,2
31,58,1
32,58,1
33,58,0
34,58,0
35,58,0
36,58,0
37,58,0
38,58,0
39,58,0
40,58,0
41,58,0
42,58,0
43,58,0
44,58,0
45,58,0
46,58,0
47,58,0
48,58,0
49,58,0
50,58,0
51,58,0
52,58,0
53,58,0
54,58,0
55,58,0
56,58,0
57,58,0
58,58,0
59,58,0
60,58,0
61,58,0
62,58,0
63,58,0
64,58,0
65,58,0
66,58,0
67,58,0
68,58,0
69,58,0
70,58,0
71,58,0
72,58,0
73,58,0
74,58,0
75,58,0
76,58,0
77,58,0
78,58,0
79,58,0
80,58,0
81,58,0
82,58,0
83,58,0
84,58,0
85,58,0
86,58,0
87,58,0
88,58,0
89,58,0
90,58,0
91,58,0
92,58,0
93,58,0
94,58,0
95,58,0
96,58,0
97,58,0
98,58,0
99,58,0
0,57,0
1,57,0
2,57,0
3,57,0
4,57,0
5,57,0
6,57,0
7,57,0
8,57,0
9,57,0
10,57,0
11,57,0
12,57,0
13,57,0
14,57,1
15,57,2
16,57,3
17,57,4
18,57,5
19,57,6
20,57,7
21,57,8
22,57,9
23,57,10
24,57,8
25,57,7
26,57,6
27,57,5
28,57,4
29,57,3
30,57,2
31,57,1
32,57,1
33,57,0
34,57,0
35,57,0
36,57,0
37,57,0
38,57,0
39,57,0
40,57,0
41,57,0
42,57,0
43,57,0
44,57,0
45,57,0
46,57,0
47,57,0
48,57,0
49,57,0
50,57,0
51,57,0
52,57,0
53,57,0
54,57,0
55,57,0
56,57,0
57,57,0
58,57,0
59,57,0
60,57,0
61,57,0
62,57,0
63,57,0
64,57,0
65,57,0
66,57,0
67,57,0
68,57,0
69,57,0
70,57,0
71,57,0
72,57,0
73,57,0
74,57,0
75,57,0
76,57,0
77,57,0
78,57,0
79,57,0
80,57,0
81,57,0
82,57,0
83,57,0
84,57,0
85,57,0
86,57,0
87,57,0
88,57,0
89,57,0
90,57,0
91,57,0
92,57,0
93,57,0
94,57,0
95,57,0
96,57,0
97,57,0
98,57,0
99,57,0
0,56,0
1,56,0
2,56,0
3,56,0
4,56,0
5,56,0
6,56,0
7,56,0
8,56,0
9,56,0
10,56,0
11,56,0
12,56,0
13,56,1
14,56,2
15,56,3
16,56,4
17,56,5
18,56,6
19,56,7
20,56,8
21,56,9
22,56,10
23,56,9
24,56,8
25,56,7
26,56,6
27,56,5
28,56,4
29,56,3
30,56,2
31,56,1
32,56,0
33,56,0
34,56,0
35,56,0
36,56,0
37,56,0
38,56,0
39,56,0
40,56,0
41,56,0
42,56,0
43,56,0
44,56,0
45,56,0
46,56,0
47,56,0
48,56,0
49,56,0
50,56,0
51,56,0
52,56,0
53,56,0
54,56,0
55,56,0
56,56,0
57,56,0
58,56,0
59,56,0
60,56,0
61,56,0
62,56,0
63,56,0
64,56,0
65,56,0
66,56,0
67,56,0
68,56,0
69,56,0
70,56,0
71,56,0
72,56,0
73,56,0
74,56,0
75,56,0
76,56,0
77,56,0
78,56,0
79,56,0
80,56,0
81,56,0
82,56,0
83,56,0
84,56,0
85,56,0
86,56,0
87,56,0
88,56,0
89,56,0
90,56,0
91,56,0
92,56,0
93,56,0
94,56,0
95,56,0
96,56,0
97,56,0
98,56,0
99,56,0
0,55,0
1,55,0
2,55,0
3,55,0
4,55,0
5,55,0
6,55,0
7,55,0
8,55,0
9,55,0
10,55,0
11,55,0
12,55,0
13,55,1
14,55,2
15,55,3
16,55,4
17,55,5
18,55,6
19,55,7
20,55,8
21,55,9
22,55,10
23,55,9
24,55,8
25,55,7
26,55,6
27,55,5
28,55,4
29,55,3
30,55,2
31,55,1
32,55,0
33,55,0
34,55,0
35,55,0
36,55,0
37,55,0
38,55,0
39,55,0
40,55,0
41,55,0
42,55,0
43,55,0
44,55,0
45,55,0
46,55,0
47,55,0
48,55,0
49,55,0
50,55,0
51,55,0
52,55,0
53,55,0
54,55,0
55,55,0
56,55,0
57,55,0
58,55,0
59,55,0
60,55,0
61,55,0
62,55,0
63,55,0
64,55,0
65,55,0
66,55,0
67,55,0
68,55,0
69,55,0
70,55,0
71,55,0
72,55,0
73,55,0
74,55,0
75,55,0
76,55,0
77,55,0
78,55,0
79,55,0
80,55,0
81,55,0
82,55,0
83,55,0
84,55,0
85,55,0
86,55,0
87,55,0
88,55,0
89,55,0
90,55,0
91,55,0
92,55,0
93,55,0
94,55,0
95,55,0
96,55,0
97,55,0
98,55,0
99,55,0
0,54,0
1,54,0
2,54,0
3,54,0
4,54,0
5,54,0
6,54,0
7,54,0
8,54,0
9,54,0
10,54,0
11,54,0
12,54,0
13,54,1
14,54,2
15,54,3
16,54,4
17,54,5
18,54,6
19,54,7
20,54,8
21,54,9
22,54,10
23,54,9
24,54,8
25,54,7
26,54,6
27,54,5
28,54,4
29,54,3
30,54,2
31,54,1
32,54,1
33,54,0
34,54,0
35,54,0
36,54,0
37,54,0
38,54,0
39,54,0
40,54,0
41,54,0
42,54,0
43,54,0
44,54,0
45,54,0
46,54,0
47,54,0
48,54,0
49,54,0
50,54,0
51,54,0
52,54,0
53,54,0
54,54,0
55,54,0
56,54,0
57,54,0
58,54,0
59,54,0
60,54,0
61,54,0
62,54,0
63,54,0
64,54,0
65,54,0
66,54,0
67,54,0
68,54,0
69,54,0
70,54,0
71,54,0
72,54,0
73,54,0
74,54,0
75,54,0
76,54,0
77,54,0
78,54,0
79,54,0
80,54,0
81,54,0
82,54,0
83,54,0
84,54,0
85,54,0
86,54,0
87,54,0
88,54,0
89,54,0
90,54,0
91,54,0
92,54,0
93,54,0
94,54,0
95,54,0
96,54,0
97,54,0
98,54,0
99,54,0
0,53,0
1,53,0
2,53,0
3,53,0
4,53,0
5,53,0
6,53,0
7,53,0
8,53,0
9,53,0
10,53,0
11,53,0
12,53,0
13,53,1
14,53,2
15,53,3
16,53,4
17,53,5
18,53,6
19,53,7
20,53,8
21,53,9
22,53,10
23,53,9
24,53,8
25,53,7
26,53,6
27,53,5
28,53,4
29,53,3
30,53,2
31,53,1
32,53,1
33,53,0
34,53,0
35,53,0
36,53,0
37,53,0
38,53,0
39,53,0
40,53,0
41,53,0
42,53,0
43,53,0
44,53,0
45,53,0
46,53,0
47,53,0
48,53,0
49,53,0
50,53,0
51,53,0
52,53,0
53,53,0
54,53,0
55,53,0
56,53,0
57,53,0
58,53,0
59,53,0
60,53,0
61,53,0
62,53,0
63,53,0
64,53,0
65,53,0
66,53,0
67,53,0
68,53,0
69,53,0
70,53,0
71,53,0
72,53,0
73,53,0
74,53,0
75,53,0
76,53,0
77,53,0
78,53,0
79,53,0
80,53,0
81,53,0
82,53,0
83,53,0
84,53,0
85,53,0
86,53,0
87,53,0
88,53,0
89,53,0
90,53,0
91,53,0
92,53,0
93,53,0
94,53,0
95,53,0
96,53,0
97,53,0
98,53,0
99,53,0
0,52,0
1,52,0
2,52,0
3,52,0
4,52,0
5,52,0
6,52,0
7,52,0
8,52,0
9,52,0
10,52,0
11,52,0
12,52,1
13,52,2
14,52,3
15,52,4
16,52,5
17,52,6
18,52,7
19,52,8
20,52,9
21,52,10
22,52,10
23,52,9
24,52,8
25,52,7
26,52,6
27,52,5
28,52,4
29,52,3
30,52,2
31,52,1
32,52,0
33,52,0
34,52,0
35,52,0
36,52,0
37,52,0
38,52,0
39,52,0
40,52,0
41,52,0
42,52,0
43,52,0
44,52,0
45,52,0
46,52,0
47,52,0
48,52,0
49,52,0
50,52,0
51,52,0
52,52,0
53,52,0
54,52,0
55,52,0
56,52,0
57,52,0
58,52,0
59,52,0
60,52,0
61,52,0
62,52,0
63,52,0
64,52,0
65,52,0
66,52,0
67,52,0
68,52,0
69,52,0
70,52,0
71,52,0
72,52,0
73,52,0
74,52,0
75,52,0
76,52,0
77,52,0
78,52,0
79,52,0
80,52,0
81,52,0
82,52,0
83,52,0
84,52,0
85,52,0
86,52,0
87,52,0
88,52,0
89,52,0
90,52,0
91,52,0
92,52,0
93,52,0
94,52,0
95,52,0
96,52,0
97,52,0
98,52,0
99,52,0
0,51,0
1,51,0
2,51,0
3,51,0
4,51,0
5,51,0
6,51,0
7,51,0
8,51,0
9,51,0
10,51,0
11,51,0
12,51,1
13,51,2
14,51,3
15,51,4
16,51,5
17,51,6
18,51,7
19,51,8
20,51,9
21,51,10
22,51,11
23,51,9
24,51,8
25,51,7
26,51,6
27,51,5
28,51,4
29,51,3
30,51,2
31,51,1
32,51,1
33,51,0
34,51,0
35,51,0
36,51,0
37,51,0
38,51,0
39,51,0
40,51,0
41,51,0
42,51,0
43,51,0
44,51,0
45,51,0
46,51,0
47,51,0
48,51,0
49,51,0
50,51,0
51,51,0
52,51,0
53,51,0
54,51,0
55,51,0
56,51,0
57,51,0
58,51,0
59,51,0
60,51,0
61,51,0
62,51,0
63,51,0
64,51,0
65,51,0
66,51,0
67,51,0
68,51,0
69,51,0
70,51,0
71,51,0
72,51,0
73,51,0
74,51,0
75,51,0
76,51,0
77,51,0
78,51,0
79,51,0
80,51,0
81,51,0
82,51,0
83,51,0
84,51,0
85,51,0
86,51,0
87,51,0
88,51,0
89,51,0
90,51,0
91,51,0
92,51,0
93,51,0
94,51,0
95,51,0
96,51,0
97,51,0
98,51,0
99,51,0
0,50,0
1,50,0
2,50,0
3,50,0
4,50,0
5,50,0
6,50,0
7,50,0
8,50,0
9,50,0
10,50,0
11,50,0
12,50,1
13,50,2
14,50,3
15,50,4
16,50,5
17,50,6
18,50,7
19,50,8
20,50,9
21,50,10
22,50,11
23,50,10
24,50,9
25,50,8
26,50,7
27,50,6
28,50,5
29,50,4
30,50,3
31,50,2
32,50,1
33,50,0
34,50,0
35,50,0
36,50,0
37,50,0
38,50,0
39,50,0
40,50,0
41,50,0
42,50,0
43,50,0
44,50,0
45,50,0
46,50,0
47,50,0
48,50,0
49,50,0
50,50,0
51,50,0
52,50,0
53,50,0
54,50,0
55,50,0
56,50,0
57,50,0
58,50,0
59,50,0
60,50,0
61,50,0
62,50,0
63,50,0
64,50,0
65,50,0
66,50,0
67,50,0
68,50,0
69,50,0
70,50,0
71,50,0
72,50,0
73,50,0
74,50,0
75,50,0
76,50,0
77,50,0
78,50,0
79,50,0
80,50,0
81,50,0
82,50,0
83,50,0
84,50,0
85,50,0
86,50,0
87,50,0
88,50,0
89,50,0
90,50,0
91,50,0
92,50,0
93,50,0
94,50,0
95,50,0
96,50,0
97,50,0
98,50,0
99,50,0
0,49,0
1,49,0
2,49,0
3,49,0
4,49,0
5,49,0
6,49,0
7,49,0
8,49,0
9,49,0
10,49,0
11,49,1
12,49,2
13,49,3
14,49,4
15,49,5
16,49,6
17,49,7
18,49,8
19,49,9
20,49,10
21,49,11
22,49,12
23,49,10
24,49,9
25,49,8
26,49,7
27,49,6
28,49,5
29,49,4
30,49,3
31,49,2
32,49,1
33,49,1
34,49,1
35,49,0
36,49,0
37,49,0
38,49,0
39,49,0
40,49,0
41,49,0
42,49,0
43,49,0
44,49,0
45,49,0
46,49,0
47,49,0
48,49,0
49,49,0
50,49,0
51,49,0
52,49,0
53,49,0
54,49,0
55,49,0
56,49,0
57,49,0
58,49,0
59,49,0
60,49,0
61,49,0
62,49,0
63,49,0
64,49,0
65,49,0
66,49,0
67,49,0
68,49,0
69,49,0
70,49,0
71,49,0
72,49,0
73,49,0
74,49,0
75,49,0
76,49,0
77,49,0
78,49,0
79,49,0
80,49,0
81,49,0
82,49,0
83,49,0
84,49,0
85,49,0
86,49,0
87,49,0
88,49,0
89,49,0
90,49,0
91,49,0
92,49,0
93,49,0
94,49,0
95,49,0
96,49,0
97,49,0
98,49,0
99,49,0
0,48,0
1,48,0
2,48,0
3,48,0
4,48,0
5,48,0
6,48,0
7,48,0
8,48,0
9,48,0
10,48,0
11,48,1
12,48,2
13,48,3
14,48,4
15,48,5
16,48,6
17,48,7
18,48,8
19,48,9
20,48,10
21,48,11
22,48,12
23,48,10
24,48,9
25,48,8
26,48,7
27,48,6
28,48,5
29,48,4
30,48,3
31,48,2
32,48,2
33,48,2
34,48,2
35,48,1
36,48,1
37,48,0
38,48,0
39,48,0
40,48,0
41,48,0
42,48,0
43,48,0
44,48,0
45,48,0
46,48,0
47,48,0
48,48,0
49,48,0
50,48,0
51,48,0
52,48,0
53,48,0
54,48,0
55,48,0
56,48,0
57,48,0
58,48,0
59,48,0
60,48,0
61,48,0
62,48,0
63,48,0
64,48,0
65,48,0
66,48,0
67,48,0
68,48,0
69,48,0
70,48,0
71,48,0
72,48,0
73,48,0
74,48,0
75,48,0
76,48,0
77,48,0
78,48,0
79,48,0
80,48,0
81,48,0
82,48,0
83,48,0
84,48,0
85,48,0
86,48,0
87,48,0
88,48,0
89,48,0
90,48,0
91,48,0
92,48,0
93,48,0
94,48,0
95,48,0
96,48,0
97,48,0
98,48,0
99,48,0
0,47,0
1,47,0
2,47,0
3,47,0
4,47,0
5,47,0
6,47,0
7,47,0
8,47,0
9,47,0
10,47,0
11,47,1
12,47,2
13,47,3
14,47,4
15,47,5
16,47,6
17,47,7
18,47,8
19,47,9
20,47,10
21,47,11
22,47,12
23,47,13
24,47,9
25,47,8
26,47,7
27,47,6
28,47,5
29,47,5
30,47,4
31,47,3
32,47,3
33,47,3
34,47,3
35,47,2
36,47,2
37,47,1
38,47,1
39,47,1
40,47,1
41,47,1
42,47,1
43,47,1
44,47,1
45,47,0
46,47,0
47,47,0
48,47,0
49,47,0
50,47,0
51,47,0
52,47,0
53,47,0
54,47,0
55,47,0
56,47,0
57,47,0
58,47,0
59,47,0
60,47,0
61,47,0
62,47,0
63,47,0
64,47,0
65,47,0
66,47,0
67,47,0
68,47,0
69,47,0
70,47,0
71,47,0
72,47,0
73,47,0
74,47,0
75,47,0
76,47,0
77,47,0
78,47,0
79,47,0
80,47,0
81,47,0
82,47,0
83,47,0
84,47,0
85,47,0
86,47,0
87,47,0
88,47,0
89,47,0
90,47,0
91,47,0
92,47,0
93,47,0
94,47,0
95,47,0
96,47,0
97,47,0
98,47,0
99,47,0
0,46,0
1,46,0
2,46,0
3,46,0
4,46,0
5,46,0
6,46,0
7,46,0
8,46,0
9,46,0
10,46,0
11,46,1
12,46,2
13,46,3
14,46,4
15,46,5
16,46,6
17,46,7
18,46,8
19,46,9
20,46,10
21,46,11
22,46,12
23,46,13
24,46,9
25,46,8
26,46,8
27,46,7
28,46,6
29,46,5
30,46,5
31,46,4
32,46,4
33,46,4
34,46,4
35,46,3
36,46,3
37,46,2
38,46,2
39,46,2
40,46,2
41,46,2
42,46,2
43,46,2
44,46,2
45,46,1
46,46,1
47,46,1
48,46,1
49,46,1
50,46,1
51,46,1
52,46,1
53,46,1
54,46,1
55,46,1
56,46,1
57,46,1
58,46,1
59,46,0
60,46,0
61,46,0
62,46,0
63,46,0
64,46,0
65,46,0
66,46,0
67,46,0
68,46,0
69,46,0
70,46,0
71,46,0
72,46,0
73,46,0
74,46,0
75,46,0
76,46,0
77,46,0
78,46,0
79,46,0
80,46,0
81,46,0
82,46,0
83,46,0
84,46,0
85,46,0
86,46,0
87,46,0
88,46,0
89,46,0
90,46,0
91,46,0
92,46,0
93,46,0
94,46,0
95,46,0
96,46,0
97,46,0
98,46,0
99,46,0
0,45,0
1,45,0
2,45,0
3,45,0
4,45,0
5,45,0
6,45,0
7,45,0
8,45,0
9,45,0
10,45,1
11,45,2
12,45,3
13,45,4
14,45,5
15,45,6
16,45,7
17,45,8
18,45,9
19,45,10
20,45,11
21,45,12
22,45,13
23,45,14
24,45,10
25,45,9
26,45,8
27,45,7
28,45,7
29,45,6
30,45,5
31,45,5
32,45,5
33,45,5
34,45,5
35,45,4
36,45,4
37,45,3
38,45,3
39,45,3
40,45,3
41,45,3
42,45,3
43,45,3
44,45,3
45,45,2
46,45,2
47,45,2
48,45,2
49,45,2
50,45,2
51,45,2
52,45,2
53,45,2
54,45,2
55,45,2
56,45,2
57,45,2
58,45,2
59,45,1
60,45,1
61,45,1
62,45,1
63,45,1
64,45,1
65,45,1
66,45,1
67,45,1
68,45,1
69,45,1
70,45,1
71,45,1
72,45,1
73,45,0
74,45,0
75,45,0
76,45,0
77,45,0
78,45,0
79,45,0
80,45,0
81,45,0
82,45,0
83,45,0
84,45,0
85,45,0
86,45,0
87,45,0
88,45,0
89,45,0
90,45,0
91,45,0
92,45,0
93,45,0
94,45,0
95,45,0
96,45,0
97,45,0
98,45,0
99,45,0
0,44,0
1,44,0
2,44,0
3,44,0
4,44,0
5,44,0
6,44,0
7,44,0
8,44,0
9,44,0
10,44,1
11,44,2
12,44,3
13,44,4
14,44,5
15,44,6
16,44,7
17,44,8
18,44,9
19,44,10
20,44,11
21,44,12
22,44,13
23,44,14
24,44,15
25,44,10
26,44,9
27,44,8
28,44,7
29,44,7
30,44,6
31,44,6
32,44,6
33,44,6
34,44,6
35,44,5
36,44,5
37,44,4
38,44,4
39,44,4
40,44,4
41,44,4
42,44,4
43,44,4
44,44,4
45,44,3
46,44,3
47,44,3
48,44,3
49,44,3
50,44,3
51,44,3
52,44,3
53,44,3
54,44,3
55,44,3
56,44,3
57,44,3
58,44,3
59,44,2
60,44,2
61,44,2
62,44,2
63,44,2
64,44,2
65,44,2
66,44,2
67,44,2
68,44,2
69,44,2
70,44,2
71,44,2
72,44,2
73,44,1
74,44,1
75,44,1
76,44,1
77,44,1
78,44,1
79,44,1
80,44,1
81,44,1
82,44,1
83,44,1
84,44,1
85,44,1
86,44,1
87,44,0
88,44,0
89,44,0
90,44,0
91,44,0
92,44,0
93,44,0
94,44,0
95,44,0
96,44,0
97,44,0
98,44,0
99,44,0
0,43,0
1,43,0
2,43,0
3,43,0
4,43,0
5,43,0
6,43,0
7,43,0
8,43,0
9,43,0
10,43,1
11,43,2
12,43,3
13,43,4
14,43,5
15,43,6
16,43,7
17,43,8
18,43,9
19,43,10
20,43,11
21,43,12
22,43,13
23,43,14
24,43,15
25,43,10
26,43,9
27,43,9
28,43,8
29,43,8
30,43,7
31,43,7
32,43,7
33,43,7
34,43,7
35,43,6
36,43,6
37,43,5
38,43,5
39,43,5
40,43,5
41,43,5
42,43,5
43,43,5
44,43,5
45,43,4
46,43,4
47,43,4
48,43,4
49,43,4
50,43,4
51,43,4
52,43,4
53,43,4
54,43,4
55,43,4
56,43,4
57,43,4
58,43,4
59,43,3
60,43,3
61,43,3
62,43,3
63,43,3
64,43,3
65,43,3
66,43,3
67,43,3
68,43,3
69,43,3
70,43,3
71,43,3
72,43,3
73,43,2
74,43,2
75,43,2
76,43,2
77,43,2
78,43,2
79,43,2
80,43,2
81,43,2
82,43,2
83,43,2
84,43,2
85,43,2
86,43,1
87,43,0
88,43,0
89,43,0
90,43,0
91,43,0
92,43,0
93,43,0
94,43,0
95,43,0
96,43,0
97,43,0
98,43,0
99,43,0
0,42,0
1,42,0
2,42,0
3,42,0
4,42,0
5,42,0
6,42,0
7,42,0
8,42,0
9,42,0
10,42,1
11,42,2
12,42,3
13,42,4
14,42,5
15,42,6
16,42,7
17,42,8
18,42,9
19,42,10
20,42,11
21,42,12
22,42,13
23,42,14
24,42,15
25,42,16
26,42,10
27,42,10
28,42,9
29,42,8
30,42,8
31,42,8
32,42,8
33,42,8
34,42,8
35,42,7
36,42,7
37,42,6
38,42,6
39,42,6
40,42,6
41,42,6
42,42,6
43,42,6
44,42,6
45,42,5
46,42,5
47,42,5
48,42,5
49,42,5
50,42,5
51,42,5
52,42,5
53,42,5
54,42,5
55,42,5
56,42,5
57,42,5
58,42,5
59,42,4
60,42,4
61,42,4
62,42,4
63,42,4
64,42,4
65,42,4
66,42,4
67,42,4
68,42,4
69,42,4
70,42,4
71,42,4
72,42,4
73,42,3
74,42,3
75,42,3
76,42,3
77,42,3
78,42,3
79,42,3
80,42,3
81,42,3
82,42,3
83,42,3
84,42,3
85,42,3
86,42,1
87,42,1
88,42,0
89,42,0
90,42,0
91,42,0
92,42,0
93,42,0
94,42,0
95,42,0
96,42,0
97,42,0
98,42,0
99,42,0
0,41,0
1,41,0
2,41,0
3,41,0
4,41,0
5,41,0
6,41,0
7,41,0
8,41,0
9,41,1
10,41,2
11,41,3
12,41,4
13,41,5
14,41,6
15,41,7
16,41,8
17,41,9
18,41,10
19,41,11
20,41,12
21,41,13
22,41,14
23,41,15
24,41,16
25,41,17
26,41,11
27,41,10
28,41,10
29,41,9
30,41,9
31,41,9
32,41,9
33,41,9
34,41,9
35,41,8
36,41,8
37,41,7
38,41,7
39,41,7
40,41,7
41,41,7
42,41,7
43,41,7
44,41,7
45,41,6
46,41,6
47,41,6
48,41,6
49,41,6
50,41,6
51,41,6
52,41,6
53,41,6
54,41,6
55,41,6
56,41,6
57,41,6
58,41,6
59,41,5
60,41,5
61,41,5
62,41,5
63,41,5
64,41,5
65,41,5
66,41,5
67,41,5
68,41,5
69,41,5
70,41,5
71,41,5
72,41,5
73,41,4
74,41,4
75,41,4
76,41,4
77,41,4
78,41,4
79,41,4
80,41,4
81,41,4
82,41,4
83,41,4
84,41,3
85,41,2
86,41,1
87,41,0
88,41,0
89,41,0
90,41,0
91,41,0
92,41,0
93,41,0
94,41,0
95,41,0
96,41,0
97,41,0
98,41,0
99,41,0
0,40,0
1,40,0
2,40,0
3,40,0
4,40,0
5,40,0
6,40,0
7,40,0
8,40,0
9,40,1
10,40,2
11,40,3
12,40,4
13,40,5
14,40,6
15,40,7
16,40,8
17,40,9
18,40,10
19,40,11
20,40,12
21,40,13
22,40,14
23,40,15
24,40,16
25,40,17
26,40,12
27,40,11
28,40,11
29,40,10
30,40,10
31,40,10
32,40,10
33,40,10
34,40,10
35,40,9
36,40,9
37,40,8
38,40,8
39,40,8
40,40,8
41,40,8
42,40,8
43,40,8
44,40,8
45,40,7
46,40,7
47,40,7
48,40,7
49,40,7
50,40,7
51,40,7
52,40,7
53,40,7
54,40,7
55,40,7
56,40,7
57,40,7
58,40,7
59,40,6
60,40,6
61,40,6
62,40,6
63,40,6
64,40,6
65,40,6
66,40,6
67,40,6
68,40,6
69,40,6
70,40,6
71,40,6
72,40,6
73,40,5
74,40,5
75,40,5
76,40,5
77,40,5
78,40,5
79,40,5
80,40,5
81,40,5
82,40,5
83,40,5
84,40,3
85,40,2
86,40,1
87,40,1
88,40,0
89,40,0
90,40,0
91,40,0
92,40,0
93,40,0
94,40,0
95,40,0
96,40,0
97,40,0
98,40,0
99,40,0
0,39,0
1,39,0
2,39,0
3,39,0
4,39,0
5,39,0
6,39,0
7,39,0
8,39,1
9,39,2
10,39,3
11,39,4
12,39,5
13,39,6
14,39,7
15,39,8
16,39,9
17,39,10
18,39,11
19,39,12
20,39,13
21,39,14
22,39,15
23,39,16
24,39,17
25,39,18
26,39,13
27,39,12
28,39,12
29,39,11
30,39,11
31,39,11
32,39,11
33,39,11
34,39,11
35,39,10
36,39,10
37,39,9
38,39,9
39,39,9
40,39,9
41,39,9
42,39,9
43,39,9
44,39,9
45,39,8
46,39,8
47,39,8
48,39,8
49,39,8
50,39,8
51,39,8
52,39,8
53,39,8
54,39,8
55,39,8
56,39,8
57,39,8
58,39,8
59,39,7
60,39,7
61,39,7
62,39,7
63,39,7
64,39,7
65,39,7
66,39,7
67,39,7
68,39,7
69,39,7
70,39,7
71,39,7
72,39,7
73,39,6
74,39,6
75,39,6
76,39,6
77,39,6
78,39,6
79,39,6
80,39,6
81,39,6
82,39,5
83,39,4
84,39,3
85,39,2
86,39,1
87,39,0
88,39,0
89,39,0
90,39,0
91,39,0
92,39,0
93,39,0
94,39,0
95,39,0
96,39,0
97,39,0
98,39,0
99,39,0
0,38,0
1,38,0
2,38,0
3,38,0
4,38,0
5,38,0
6,38,0
7,38,0
8,38,1
9,38,2
10,38,3
11,38,4
12,38,5
13,38,6
14,38,7
15,38,8
16,38,9
17,38,10
18,38,11
19,38,12
20,38,13
21,38,14
22,38,15
23,38,16
24,38,17
25,38,18
26,38,19
27,38,13
28,38,13
29,38,12
30,38,12
31,38,12
32,38,12
33,38,12
34,38,12
35,38,11
36,38,11
37,38,10
38,38,10
39,38,10
40,38,10
41,38,10
42,38,10
43,38,10
44,38,10
45,38,9
46,38,9
47,38,9
48,38,9
49,38,9
50,38,9
51,38,9
52,38,9
53,38,9
54,38,9
55,38,9
56,38,9
57,38,9
58,38,9
59,38,8
60,38,8
61,38,8
62,38,8
63,38,8
64,38,8
65,38,8
66,38,8
67,38,8
68,38,8
69,38,8
70,38,8
71,38,8
72,38,8
73,38,7
74,38,7
75,38,7
76,38,7
77,38,7
78,38,7
79,38,7
80,38,7
81,38,7
82,38,5
83,38,4
84,38,3
85,38,2
86,38,1
87,38,1
88,38,0
89,38,0
90,38,0
91,38,0
92,38,0
93,38,0
94,38,0
95,38,0
96,38,0
97,38,0
98,38,0
99,38,0
0,37,0
1,37,0
2,37,0
3,37,0
4,37,0
5,37,0
6,37,0
7,37,1
8,37,2
9,37,3
10,37,4
11,37,5
12,37,6
13,37,7
14,37,8
15,37,9
16,37,10
17,37,11
18,37,12
19,37,13
20,37,14
21,37,15
22,37,16
23,37,17
24,37,18
25,37,19
26,37,20
27,37,14
28,37,13
29,37,13
30,37,13
31,37,13
32,37,13
33,37,13
34,37,13
35,37,12
36,37,12
37,37,11
38,37,11
39,37,11
40,37,11
41,37,11
42,37,11
43,37,11
44,37,11
45,37,10
46,37,10
47,37,10
48,37,10
49,37,10
50,37,10
51,37,10
52,37,10
53,37,10
54,37,10
55,37,10
56,37,10
57,37,10
58,37,10
59,37,9
60,37,9
61,37,9
62,37,9
63,37,9
64,37,9
65,37,9
66,37,9
67,37,9
68,37,9
69,37,9
70,37,9
71,37,9
72,37,9
73,37,8
74,37,8
75,37,8
76,37,8
77,37,8
78,37,8
79,37,8
80,37,7
81,37,6
82,37,5
83,37,4
84,37,3
85,37,2
86,37,1
87,37,0
88,37,0
89,37,0
90,37,0
91,37,0
92,37,0
93,37,0
94,37,0
95,37,0
96,37,0
97,37,0
98,37,0
99,37,0
0,36,0
1,36,0
2,36,0
3,36,0
4,36,0
5,36,0
6,36,0
7,36,1
8,36,2
9,36,3
10,36,4
11,36,5
12,36,6
13,36,7
14,36,8
15,36,9
16,36,10
17,36,11
18,36,12
19,36,13
20,36,14
21,36,15
22,36,16
23,36,17
24,36,18
25,36,19
26,36,20
27,36,15
28,36,14
29,36,14
30,36,14
31,36,14
32,36,14
33,36,14
34,36,14
35,36,13
36,36,13
37,36,12
38,36,12
39,36,12
40,36,12
41,36,12
42,36,12
43,36,12
44,36,12
45,36,11
46,36,11
47,36,11
48,36,11
49,36,11
50,36,11
51,36,11
52,36,11
53,36,11
54,36,11
55,36,11
56,36,11
57,36,11
58,36,11
59,36,10
60,36,10
61,36,10
62,36,10
63,36,10
64,36,10
65,36,10
66,36,10
67,36,10
68,36,10
69,36,10
70,36,10
71,36,10
72,36,10
73,36,9
74,36,9
75,36,9
76,36,9
77,36,9
78,36,9
79,36,9
80,36,7
81,36,6
82,36,5
83,36,4
84,36,3
85,36,2
86,36,1
87,36,1
88,36,0
89,36,0
90,36,0
91,36,0
92,36,0
93,36,0
94,36,0
95,36,0
96,36,0
97,36,0
98,36,0
99,36,0
0,35,0
1,35,0
2,35,0
3,35,0
4,35,0
5,35,0
6,35,1
7,35,2
8,35,3
9,35,4
10,35,5
11,35,6
12,35,7
13,35,8
14,35,9
15,35,10
16,35,11
17,35,12
18,35,13
19,35,14
20,35,15
21,35,16
22,35,17
23,35,18
24,35,19
25,35,20
26,35,21
27,35,16
28,35,15
29,35,15
30,35,15
31,35,15
32,35,15
33,35,15
34,35,15
35,35,14
36,35,14
37,35,13
38,35,13
39,35,13
40,35,13
41,35,13
42,35,13
43,35,13
44,35,13
45,35,12
46,35,12
47,35,12
48,35,12
49,35,12
50,35,12
51,35,12
52,35,12
53,35,12
54,35,12
55,35,12
56,35,12
57,35,12
58,35,12
59,35,11
60,35,11
61,35,11
62,35,11
63,35,11
64,35,11
65,35,11
66,35,11
67,35,11
68,35,11
69,35,11
70,35,11
71,35,11
72,35,11
73,35,10
74,35,10
75,35,10
76,35,10
77,35,10
78,35,9
79,35,8
80,35,7
81,35,6
82,35,5
83,35,4
84,35,3
85,35,2
86,35,1
87,35,0
88,35,0
89,35,0
90,35,0
91,35,0
92,35,0
93,35,0
94,35,0
95,35,0
96,35,0
97,35,0
98,35,0
99,35,0
0,34,0
1,34,0
2,34,0
3,34,0
4,34,0
5,34,0
6,34,1
7,34,2
8,34,3
9,34,4
10,34,5
11,34,6
12,34,7
13,34,8
14,34,9
15,34,10
16,34,11
17,34,12
18,34,13
19,34,14
20,34,15
21,34,16
22,34,17
23,34,18
24,34,19
25,34,20
26,34,21
27,34,22
28,34,16
29,34,16
30,34,16
31,34,16
32,34,16
33,34,16
34,34,16
35,34,15
36,34,15
37,34,14
38,34,14
39,34,14
40,34,14
41,34,14
42,34,14
43,34,14
44,34,14
45,34,13
46,34,13
47,34,13
48,34,13
49,34,13
50,34,13
51,34,13
52,34,13
53,34,13
54,34,13
55,34,13
56,34,13
57,34,13
58,34,13
59,34,12
60,34,12
61,34,12
62,34,12
63,34,12
64,34,12
65,34,12
66,34,12
67,34,12
68,34,12
69,34,12
70,34,12
71,34,12
72,34,12
73,34,11
74,34,11
75,34,11
76,34,11
77,34,11
78,34,9
79,34,8
80,34,7
81,34,6
82,34,5
83,34,4
84,34,3
85,34,2
86,34,1
87,34,1
88,34,0
89,34,0
90,34,0
91,34,0
92,34,0
93,34,0
94,34,0
95,34,0
96,34,0
97,34,0
98,34,0
99,34,0
0,33,0
1,33,0
2,33,0
3,33,0
4,33,0
5,33,1
6,33,2
7,33,3
8,33,4
9,33,5
10,33,6
11,33,7
12,33,8
13,33,9
14,33,10
15,33,11
16,33,12
17,33,13
18,33,14
19,33,15
20,33,16
21,33,17
22,33,18
23,33,19
24,33,20
25,33,21
26,33,22
27,33,23
28,33,17
29,33,17
30,33,17
31,33,17
32,33,17
33,33,17
34,33,17
35,33,16
36,33,16
37,33,15
38,33,15
39,33,15
40,33,15
41,33,15
42,33,15
43,33,15
44,33,15
45,33,14
46,33,14
47,33,14
48,33,14
49,33,14
50,33,14
51,33,14
52,33,14
53,33,14
54,33,14
55,33,14
56,33,14
57,33,14
58,33,14
59,33,13
60,33,13
61,33,13
62,33,13
63,33,13
64,33,13
65,33,13
66,33,13
67,33,13
68,33,13
69,33,13
70,33,13
71,33,13
72,33,13
73,33,12
74,33,12
75,33,12
76,33,11
77,33,10
78,33,9
79,33,8
80,33,7
81,33,6
82,33,5
83,33,4
84,33,3
85,33,2
86,33,1
87,33,0
88,33,0
89,33,0
90,33,0
91,33,0
92,33,0
93,33,0
94,33,0
95,33,0
96,33,0
97,33,0
98,33,0
99,33,0
0,32,0
1,32,0
2,32,0
3,32,0
4,32,0
5,32,1
6,32,2
7,32,3
8,32,4
9,32,5
10,32,6
11,32,7
12,32,8
13,32,9
14,32,10
15,32,11
16,32,12
17,32,13
18,32,14
19,32,15
20,32,16
21,32,17
22,32,18
23,32,19
24,32,20
25,32,21
26,32,22
27,32,23
28,32,18
29,32,18
30,32,18
31,32,18
32,32,18
33,32,18
34,32,18
35,32,17
36,32,17
37,32,16
38,32,16
39,32,16
40,32,16
41,32,16
42,32,16
43,32,16
44,32,16
45,32,15
46,32,15
47,32,15
48,32,15
49,32,15
50,32,15
51,32,15
52,32,15
53,32,15
54,32,15
55,32,15
56,32,15
57,32,15
58,32,15
59,32,14
60,32,14
61,32,14
62,32,14
63,32,14
64,32,14
65,32,14
66,32,14
67,32,14
68,32,14
69,32,14
70,32,14
71,32,14
72,32,14
73,32,13
74,32,13
75,32,13
76,32,11
77,32,10
78,32,9
79,32,8
80,32,7
81,32,6
82,32,5
83,32,4
84,32,3
85,32,2
86,32,1
87,32,1
88,32,0
89,32,0
90,32,0
91,32,0
92,32,0
93,32,0
94,32,0
95,32,0
96,32,0
97,32,0
98,32,0
99,32,0
0,31,0
1,31,0
2,31,0
3,31,0
4,31,1
5,31,2
6,31,3
7,31,4
8,31,5
9,31,6
10,31,7
11,31,8
12,31,9
13,31,10
14,31,11
15,31,12
16,31,13
17,31,14
18,31,15
19,31,16
20,31,17
21,31,18
22,31,19
23,31,20
24,31,21
25,31,22
26,31,23
27,31,24
28,31,24
29,31,19
30,31,19
31,31,19
32,31,19
33,31,19
34,31,19
35,31,18
36,31,18
37,31,17
38,31,17
39,31,17
40,31,17
41,31,17
42,31,17
43,31,17
44,31,17
45,31,16
46,31,16
47,31,16
48,31,16
49,31,16
50,31,16
51,31,16
52,31,16
53,31,16
54,31,16
55,31,16
56,31,16
57,31,16
58,31,16
59,31,15
60,31,15
61,31,15
62,31,15
63,31,15
64,31,15
65,31,15
66,31,15
67,31,15
68,31,15
69,31,15
70,31,15
71,31,15
72,31,15
73,31,14
74,31,13
75,31,12
76,31,11
77,31,10
78,31,9
79,31,8
80,31,7
81,31,6
82,31,5
83,31,4
84,31,3
85,31,2
86,31,1
87,31,0
88,31,0
89,31,0
90,31,0
91,31,0
92,31,0
93,31,0
94,31,0
95,31,0
96,31,0
97,31,0
98,31,0
99,31,0
0,30,0
1,30,0
2,30,0
3,30,0
4,30,1
5,30,2
6,30,3
7,30,4
8,30,5
9,30,6
10,30,7
11,30,8
12,30,9
13,30,10
14,30,11
15,30,12
16,30,13
17,30,14
18,30,15
19,30,16
20,30,17
21,30,18
22,30,19
23,30,20
24,30,21
25,30,22
26,30,23
27,30,23
28,30,23
29,30,23
30,30,23
31,30,20
32,30,20
33,30,20
34,30,20
35,30,19
36,30,19
37,30,18
38,30,18
39,30,18
40,30,18
41,30,18
42,30,18
43,30,18
44,30,18
45,30,17
46,30,17
47,30,17
48,30,17
49,30,17
50,30,17
51,30,17
52,30,17
53,30,17
54,30,17
55,30,17
56,30,17
57,30,17
58,30,17
59,30,16
60,30,16
61,30,16
62,30,16
63,30,16
64,30,16
65,30,16
66,30,16
67,30,16
68,30,16
69,30,16
70,30,16
71,30,16
72,30,16
73,30,15
74,30,13
75,30,12
76,30,11
77,30,10
78,30,9
79,30,8
80,30,7
81,30,6
82,30,5
83,30,4
84,30,3
85,30,2
86,30,1
87,30,1
88,30,0
89,30,0
90,30,0
91,30,0
92,30,0
93,30,0
94,30,0
95,30,0
96,30,0
97,30,0
98,30,0
99,30,0
0,29,0
1,29,0
2,29,0
3,29,1
4,29,2
5,29,3
6,29,4
7,29,5
8,29,6
9,29,7
10,29,8
11,29,9
12,29,10
13,29,11
14,29,12
15,29,13
16,29,14
17,29,15
18,29,16
19,29,17
20,29,18
21,29,19
22,29,20
23,29,21
24,29,22
25,29,22
26,29,22
27,29,22
28,29,22
29,29,22
30,29,22
31,29,22
32,29,22
33,29,21
34,29,21
35,29,20
36,29,20
37,29,19
38,29,19
39,29,19
40,29,19
41,29,19
42,29,19
43,29,19
44,29,19
45,29,18
46,29,18
47,29,18
48,29,18
49,29,18
50,29,18
51,29,18
52,29,18
53,29,18
54,29,18
55,29,18
56,29,18
57,29,18
58,29,18
59,29,17
60,29,17
61,29,17
62,29,17
63,29,17
64,29,17
65,29,17
66,29,17
67,29,17
68,29,17
69,29,17
70,29,17
71,29,16
72,29,15
73,29,14
74,29,13
75,29,12
76,29,11
77,29,10
78,29,9
79,29,8
80,29,7
81,29,6
82,29,5
83,29,4
84,29,3
85,29,2
86,29,1
87,29,0
88,29,0
89,29,0
90,29,0
91,29,0
92,29,0
93,29,0
94,29,0
95,29,0
96,29,0
97,29,0
98,29,0
99,29,0
0,28,0
1,28,0
2,28,0
3,28,1
4,28,2
5,28,3
6,28,4
7,28,5
8,28,6
9,28,7
10,28,8
11,28,9
12,28,10
13,28,11
14,28,12
15,28,13
16,28,14
17,28,15
18,28,16
19,28,17
20,28,18
21,28,19
22,28,20
23,28,21
24,28,21
25,28,21
26,28,21
27,28,21
28,28,21
29,28,21
30,28,21
31,28,21
32,28,21
33,28,21
34,28,21
35,28,21
36,28,21
37,28,20
38,28,20
39,28,20
40,28,20
41,28,20
42,28,20
43,28,20
44,28,20
45,28,19
46,28,19
47,28,19
48,28,19
49,28,19
50,28,19
51,28,19
52,28,19
53,28,19
54,28,19
55,28,19
56,28,19
57,28,19
58,28,19
59,28,18
60,28,18
61,28,18
62,28,18
63,28,18
64,28,18
65,28,18
66,28,18
67,28,18
68,28,18
69,28,18
70,28,17
71,28,16
72,28,15
73,28,14
74,28,13
75,28,12
76,28,11
77,28,10
78,28,9
79,28,8
80,28,7
81,28,6
82,28,5
83,28,4
84,28,3
85,28,2
86,28,1
87,28,0
88,28,0
89,28,0
90,28,0
91,28,0
92,28,0
93,28,0
94,28,0
95,28,0
96,28,0
97,28,0
98,28,0
99,28,0
0,27,0
1,27,0
2,27,0
3,27,1
4,27,2
5,27,3
6,27,4
7,27,5
8,27,6
9,27,7
10,27,8
11,27,9
12,27,10
13,27,11
14,27,12
15,27,13
16,27,14
17,27,15
18,27,16
19,27,17
20,27,18
21,27,19
22,27,20
23,27,20
24,27,20
25,27,20
26,27,20
27,27,20
28,27,20
29,27,20
30,27,20
31,27,20
32,27,20
33,27,20
34,27,20
35,27,20
36,27,20
37,27,20
38,27,20
39,27,20
40,27,20
41,27,20
42,27,20
43,27,20
44,27,20
45,27,20
46,27,20
47,27,20
48,27,19
49,27,19
50,27,19
51,27,19
52,27,19
53,27,19
54,27,19
55,27,19
56,27,19
57,27,19
58,27,18
59,27,18
60,27,18
61,27,18
62,27,18
63,27,18
64,27,18
65,27,18
66,27,18
67,27,18
68,27,17
69,27,17
70,27,17
71,27,16
72,27,15
73,27,14
74,27,13
75,27,12
76,27,11
77,27,10
78,27,9
79,27,8
80,27,7
81,27,6
82,27,5
83,27,4
84,27,3
85,27,2
86,27,1
87,27,0
88,27,0
89,27,0
90,27,0
91,27,0
92,27,0
93,27,0
94,27,0
95,27,0
96,27,0
97,27,0
98,27,0
99,27,0
0,26,0
1,26,0
2,26,0
3,26,1
4,26,2
5,26,3
6,26,4
7,26,5
8,26,6
9,26,7
10,26,8
11,26,9
12,26,10
13,26,11
14,26,12
15,26,13
16,26,14
17,26,15
18,26,16
19,26,17
20,26,18
21,26,19
22,26,20
23,26,19
24,26,19
25,26,19
26,26,19
27,26,19
28,26,19
29,26,19
30,26,19
31,26,19
32,26,19
33,26,19
34,26,19
35,26,19
36,26,19
37,26,19
38,26,19
39,26,19
40,26,19
41,26,19
42,26,19
43,26,19
44,26,19
45,26,19
46,26,19
47,26,19
48,26,18
49,26,18
50,26,18
51,26,18
52,26,18
53,26,18
54,26,18
55,26,18
56,26,18
57,26,18
58,26,17
59,26,17
60,26,17
61,26,17
62,26,17
63,26,17
64,26,17
65,26,17
66,26,17
67,26,17
68,26,16
69,26,16
70,26,16
71,26,16
72,26,15
73,26,14
74,26,13
75,26,12
76,26,11
77,26,10
78,26,9
79,26,8
80,26,7
81,26,6
82,26,5
83,26,4
84,26,3
85,26,2
86,26,1
87,26,0
88,26,0
89,26,0
90,26,0
91,26,0
92,26,0
93,26,0
94,26,0
95,26,0
96,26,0
97,26,0
98,26,0
99,26,0
0,25,0
1,25,0
2,25,0
3,25,1
4,25,2
5,25,3
6,25,4
7,25,5
8,25,6
9,25,7
10,25,8
11,25,9
12,25,10
13,25,11
14,25,12
15,25,13
16,25,14
17,25,15
18,25,16
19,25,17
20,25,18
21,25,18
22,25,18
23,25,18
24,25,18
25,25,18
26,25,18
27,25,18
28,25,18
29,25,18
30,25,18
31,25,18
32,25,18
33,25,18
34,25,18
35,25,18
36,25,18
37,25,18
38,25,18
39,25,18
40,25,18
41,25,18
42,25,18
43,25,18
44,25,18
45,25,18
46,25,18
47,25,18
48,25,17
49,25,17
50,25,17
51,25,17
52,25,17
53,25,17
54,25,17
55,25,17
56,25,17
57,25,17
58,25,16
59,25,16
60,25,16
61,25,16
62,25,16
63,25,16
64,25,16
65,25,16
66,25,16
67,25,16
68,25,15
69,25,15
70,25,15
71,25,15
72,25,15
73,25,14
74,25,13
75,25,12
76,25,11
77,25,10
78,25,9
79,25,8
80,25,7
81,25,6
82,25,5
83,25,4
84,25,3
85,25,2
86,25,1
87,25,0
88,25,0
89,25,0
90,25,0
91,25,0
92,25,0
93,25,0
94,25,0
95,25,0
96,25,0
97,25,0
98,25,0
99,25,0
0,24,0
1,24,0
2,24,0
3,24,1
4,24,2
5,24,3
6,24,4
7,24,5
8,24,6
9,24,7
10,24,8
11,24,9
12,24,10
13,24,11
14,24,12
15,24,13
16,24,14
17,24,15
18,24,16
19,24,17
20,24,17
21,24,17
22,24,17
23,24,17
24,24,17
25,24,17
26,24,17
27,24,17
28,24,17
29,24,17
30,24,17
31,24,17
32,24,17
33,24,17
34,24,17
35,24,17
36,24,17
37,24,17
38,24,17
39,24,17
40,24,17
41,24,17
42,24,17
43,24,17
44,24,17
45,24,17
46,24,17
47,24,17
48,24,16
49,24,16
50,24,16
51,24,16
52,24,16
53,24,16
54,24,16
55,24,16
56,24,16
57,24,16
58,24,15
59,24,15
60,24,15
61,24,15
62,24,15
63,24,15
64,24,15
65,24,15
66,24,15
67,24,15
68,24,14
69,24,14
70,24,14
71,24,14
72,24,14
73,24,14
74,24,14
75,24,12
76,24,11
77,24,10
78,24,9
79,24,8
80,24,7
81,24,6
82,24,5
83,24,4
84,24,3
85,24,2
86,24,1
87,24,1
88,24,0
89,24,0
90,24,0
91,24,0
92,24,0
93,24,0
94,24,0
95,24,0
96,24,0
97,24,0
98,24,0
99,24,0
0,23,0
1,23,0
2,23,0
3,23,1
4,23,2
5,23,3
6,23,4
7,23,5
8,23,6
9,23,7
10,23,8
11,23,9
12,23,10
13,23,11
14,23,12
15,23,13
16,23,14
17,23,15
18,23,15
19,23,15
20,23,16
21,23,16
22,23,16
23,23,16
24,23,16
25,23,16
26,23,16
27,23,16
28,23,16
29,23,16
30,23,16
31,23,16
32,23,16
33,23,16
34,23,16
35,23,16
36,23,16
37,23,16
38,23,16
39,23,16
40,23,16
41,23,16
42,23,16
43,23,16
44,23,16
45,23,16
46,23,16
47,23,16
48,23,15
49,23,15
50,23,15
51,23,15
52,23,15
53,23,15
54,23,15
55,23,15
56,23,15
57,23,15
58,23,14
59,23,14
60,23,14
61,23,14
62,23,14
63,23,14
64,23,14
65,23,14
66,23,14
67,23,14
68,23,13
69,23,13
70,23,13
71,23,13
72,23,13
73,23,13
74,23,13
75,23,12
76,23,11
77,23,10
78,23,9
79,23,8
80,23,7
81,23,6
82,23,5
83,23,4
84,23,3
85,23,2
86,23,1
87,23,0
88,23,0
89,23,0
90,23,0
91,23,0
92,23,0
93,23,0
94,23,0
95,23,0
96,23,0
97,23,0
98,23,0
99,23,0
0,22,0
1,22,0
2,22,0
3,22,1
4,22,2
5,22,3
6,22,4
7,22,5
8,22,6
9,22,7
10,22,8
11,22,9
12,22,10
13,22,11
14,22,12
15,22,13
16,22,14
17,22,14
18,22,14
19,22,14
20,22,15
21,22,15
22,22,15
23,22,15
24,22,15
25,22,15
26,22,15
27,22,15
28,22,15
29,22,15
30,22,15
31,22,15
32,22,15
33,22,15
34,22,15
35,22,15
36,22,15
37,22,15
38,22,15
39,22,15
40,22,15
41,22,15
42,22,15
43,22,15
44,22,15
45,22,15
46,22,15
47,22,15
48,22,14
49,22,14
50,22,14
51,22,14
52,22,14
53,22,14
54,22,14
55,22,14
56,22,14
57,22,14
58,22,13
59,22,13
60,22,13
61,22,13
62,22,13
63,22,13
64,22,13
65,22,13
66,22,13
67,22,13
68,22,12
69,22,12
70,22,12
71,22,12
72,22,12
73,22,12
74,22,12
75,22,12
76,22,11
77,22,10
78,22,9
79,22,8
80,22,7
81,22,6
82,22,5
83,22,4
84,22,3
85,22,2
86,22,1
87,22,0
88,22,0
89,22,0
90,22,0
91,22,0
92,22,0
93,22,0
94,22,0
95,22,0
96,22,0
97,22,0
98,22,0
99,22,0
0,21,0
1,21,0
2,21,0
3,21,0
4,21,1
5,21,2
6,21,3
7,21,4
8,21,5
9,21,6
10,21,7
11,21,8
12,21,9
13,21,10
14,21,11
15,21,12
16,21,13
17,21,13
18,21,13
19,21,13
20,21,14
21,21,14
22,21,14
23,21,14
24,21,14
25,21,14
26,21,14
27,21,14
28,21,14
29,21,14
30,21,14
31,21,14
32,21,14
33,21,14
34,21,14
35,21,14
36,21,14
37,21,14
38,21,14
39,21,14
40,21,14
41,21,14
42,21,14
43,21,14
44,21,14
45,21,14
46,21,14
47,21,14
48,21,13
49,21,13
50,21,13
51,21,13
52,21,13
53,21,13
54,21,13
55,21,13
56,21,13
57,21,13
58,21,12
59,21,12
60,21,12
61,21,12
62,21,12
63,21,12
64,21,12
65,21,12
66,21,12
67,21,12
68,21,11
69,21,11
70,21,11
71,21,11
72,21,11
73,21,11
74,21,11
75,21,11
76,21,11
77,21,10
78,21,9
79,21,8
80,21,7
81,21,6
82,21,5
83,21,4
84,21,3
85,21,2
86,21,1
87,21,0
88,21,0
89,21,0
90,21,0
91,21,0
92,21,0
93,21,0
94,21,0
95,21,0
96,21,0
97,21,0
98,21,0
99,21,0
0,20,0
1,20,0
2,20,0
3,20,0
4,20,1
5,20,2
6,20,3
7,20,4
8,20,5
9,20,6
10,20,7
11,20,8
12,20,9
13,20,10
14,20,11
15,20,11
16,20,11
17,20,12
18,20,12
19,20,12
20,20,13
21,20,13
22,20,13
23,20,13
24,20,13
25,20,13
26,20,13
27,20,13
28,20,13
29,20,13
30,20,13
31,20,13
32,20,13
33,20,13
34,20,13
35,20,13
36,20,13
37,20,13
38,20,13
39,20,13
40,20,13
41,20,13
42,20,13
43,20,13
44,20,13
45,20,13
46,20,13
47,20,13
48,20,12
49,20,12
50,20,12
51,20,12
52,20,12
53,20,12
54,20,12
55,20,12
56,20,12
57,20,12
58,20,11
59,20,11
60,20,11
61,20,11
62,20,11
63,20,11
64,20,11
65,20,11
66,20,11
67,20,11
68,20,10
69,20,10
70,20,10
71,20,10
72,20,10
73,20,10
74,20,10
75,20,10
76,20,10
77,20,9
78,20,9
79,20,8
80,20,7
81,20,6
82,20,5
83,20,4
84,20,3
85,20,2
86,20,1
87,20,0
88,20,0
89,20,0
90,20,0
91,20,0
92,20,0
93,20,0
94,20,0
95,20,0
96,20,0
97,20,0
98,20,0
99,20,0
0,19,0
1,19,0
2,19,0
3,19,0
4,19,0
5,19,1
6,19,2
7,19,3
8,19,4
9,19,5
10,19,6
11,19,7
12,19,8
13,19,9
14,19,10
15,19,10
16,19,10
17,19,11
18,19,11
19,19,11
20,19,12
21,19,12
22,19,12
23,19,12
24,19,12
25,19,12
26,19,12
27,19,12
28,19,12
29,19,12
30,19,12
31,19,12
32,19,12
33,19,12
34,19,12
35,19,12
36,19,12
37,19,12
38,19,12
39,19,12
40,19,12
41,19,12
42,19,12
43,19,12
44,19,12
45,19,12
46,19,12
47,19,12
48,19,11
49,19,11
50,19,11
51,19,11
52,19,11
53,19,11
54,19,11
55,19,11
56,19,11
57,19,11
58,19,10
59,19,10
60,19,10
61,19,10
62,19,10
63,19,10
64,19,10
65,19,10
66,19,10
67,19,10
68,19,9
69,19,9
70,19,9
71,19,9
72,19,9
73,19,9
74,19,9
75,19,9
76,19,9
77,19,8
78,19,8
79,19,8
80,19,8
81,19,6
82,19,5
83,19,4
84,19,3
85,19,2
86,19,1
87,19,1
88,19,0
89,19,0
90,19,0
91,19,0
92,19,0
93,19,0
94,19,0
95,19,0
96,19,0
97,19,0
98,19,0
99,19,0
0,18,0
1,18,0
2,18,0
3,18,0
4,18,0
5,18,1
6,18,2
7,18,3
8,18,4
9,18,5
10,18,6
11,18,7
12,18,8
13,18,8
14,18,8
15,18,9
16,18,9
17,18,10
18,18,10
19,18,10
20,18,11
21,18,11
22,18,11
23,18,11
24,18,11
25,18,11
26,18,11
27,18,11
28,18,11
29,18,11
30,18,11
31,18,11
32,18,11
33,18,11
34,18,11
35,18,11
36,18,11
37,18,11
38,18,11
39,18,11
40,18,11
41,18,11
42,18,11
43,18,11
44,18,11
45,18,11
46,18,11
47,18,11
48,18,10
49,18,10
50,18,10
51,18,10
52,18,10
53,18,10
54,18,10
55,18,10
56,18,10
57,18,10
58,18,9
59,18,9
60,18,9
61,18,9
62,18,9
63,18,9
64,18,9
65,18,9
66,18,9
67,18,9
68,18,8
69,18,8
70,18,8
71,18,8
72,18,8
73,18,8
74,18,8
75,18,8
76,18,8
77,18,7
78,18,7
79,18,7
80,18,7
81,18,6
82,18,5
83,18,4
84,18,3
85,18,2
86,18,1
87,18,0
88,18,0
89,18,0
90,18,0
91,18,0
92,18,0
93,18,0
94,18,0
95,18,0
96,18,0
97,18,0
98,18,0
99,18,0
0,17,0
1,17,0
2,17,0
3,17,0
4,17,0
5,17,0
6,17,1
7,17,2
8,17,3
9,17,4
10,17,5
11,17,6
12,17,7
13,17,7
14,17,7
15,17,8
16,17,8
17,17,9
18,17,9
19,17,9
20,17,10
21,17,10
22,17,10
23,17,10
24,17,10
25,17,10
26,17,10
27,17,10
28,17,10
29,17,10
30,17,10
31,17,10
32,17,10
33,17,10
34,17,10
35,17,10
36,17,10
37,17,10
38,17,10
39,17,10
40,17,10
41,17,10
42,17,10
43,17,10
44,17,10
45,17,10
46,17,10
47,17,10
48,17,9
49,17,9
50,17,9
51,17,9
52,17,9
53,17,9
54,17,9
55,17,9
56,17,9
57,17,9
58,17,8
59,17,8
60,17,8
61,17,8
62,17,8
63,17,8
64,17,8
65,17,8
66,17,8
67,17,8
68,17,7
69,17,7
70,17,7
71,17,7
72,17,7
73,17,7
74,17,7
75,17,7
76,17,7
77,17,6
78,17,6
79,17,6
80,17,6
81,17,6
82,17,5
83,17,4
84,17,3
85,17,2
86,17,1
87,17,0
88,17,0
89,17,0
90,17,0
91,17,0
92,17,0
93,17,0
94,17,0
95,17,0
96,17,0
97,17,0
98,17,0
99,17,0
0,16,0
1,16,0
2,16,0
3,16,0
4,16,0
5,16,0
6,16,0
7,16,1
8,16,2
9,16,3
10,16,4
11,16,5
12,16,6
13,16,6
14,16,6
15,16,7
16,16,7
17,16,8
18,16,8
19,16,8
20,16,9
21,16,9
22,16,9
23,16,9
24,16,9
25,16,9
26,16,9
27,16,9
28,16,9
29,16,9
30,16,9
31,16,9
32,16,9
33,16,9
34,16,9
35,16,9
36,16,9
37,16,9
38,16,9
39,16,9
40,16,9
41,16,9
42,16,9
43,16,9
44,16,9
45,16,9
46,16,9
47,16,9
48,16,8
49,16,8
50,16,8
51,16,8
52,16,8
53,16,8
54,16,8
55,16,8
56,16,8
57,16,8
58,16,7
59,16,7
60,16,7
61,16,7
62,16,7
63,16,7
64,16,7
65,16,7
66,16,7
67,16,7
68,16,6
69,16,6
70,16,6
71,16,6
72,16,6
73,16,6
74,16,6
75,16,6
76,16,6
77,16,5
78,16,5
79,16,5
80,16,5
81,16,5
82,16,5
83,16,4
84,16,3
85,16,2
86,16,1
87,16,0
88,16,0
89,16,0
90,16,0
91,16,0
92,16,0
93,16,0
94,16,0
95,16,0
96,16,0
97,16,0
98,16,0
99,16,0
0,15,0
1,15,0
2,15,0
3,15,0
4,15,0
5,15,0
6,15,0
7,15,0
8,15,1
9,15,2
10,15,3
11,15,4
12,15,5
13,15,5
14,15,5
15,15,6
16,15,6
17,15,7
18,15,7
19,15,7
20,15,8
21,15,8
22,15,8
23,15,8
24,15,8
25,15,8
26,15,8
27,15,8
28,15,8
29,15,8
30,15,8
31,15,8
32,15,8
33,15,8
34,15,8
35,15,8
36,15,8
37,15,8
38,15,8
39,15,8
40,15,8
41,15,8
42,15,8
43,15,8
44,15,8
45,15,8
46,15,8
47,15,8
48,15,7
49,15,7
50,15,7
51,15,7
52,15,7
53,15,7
54,15,7
55,15,7
56,15,7
57,15,7
58,15,6
59,15,6
60,15,6
61,15,6
62,15,6
63,15,6
64,15,6
65,15,6
66,15,6
67,15,6
68,15,5
69,15,5
70,15,5
71,15,5
72,15,5
73,15,5
74,15,5
75,15,5
76,15,5
77,15,4
78,15,4
79,15,4
80,15,4
81,15,4
82,15,4
83,15,4
84,15,4
85,15,2
86,15,1
87,15,1
88,15,0
89,15,0
90,15,0
91,15,0
92,15,0
93,15,0
94,15,0
95,15,0
96,15,0
97,15,0
98,15,0
99,15,0
0,14,0
1,14,0
2,14,0
3,14,0
4,14,0
5,14,0
6,14,0
7,14,0
8,14,0
9,14,1
10,14,2
11,14,3
12,14,4
13,14,4
14,14,4
15,14,5
16,14,5
17,14,6
18,14,6
19,14,6
20,14,7
21,14,7
22,14,7
23,14,7
24,14,7
25,14,7
26,14,7
27,14,7
28,14,7
29,14,7
30,14,7
31,14,7
32,14,7
33,14,7
34,14,7
35,14,7
36,14,7
37,14,7
38,14,7
39,14,7
40,14,7
41,14,7
42,14,7
43,14,7
44,14,7
45,14,7
46,14,7
47,14,7
48,14,6
49,14,6
50,14,6
51,14,6
52,14,6
53,14,6
54,14,6
55,14,6
56,14,6
57,14,6
58,14,5
59,14,5
60,14,5
61,14,5
62,14,5
63,14,5
64,14,5
65,14,5
66,14,5
67,14,5
68,14,4
69,14,4
70,14,4
71,14,4
72,14,4
73,14,4
74,14,4
75,14,4
76,14,4
77,14,3
78,14,3
79,14,3
80,14,3
81,14,3
82,14,3
83,14,3
84,14,3
85,14,2
86,14,1
87,14,0
88,14,0
89,14,0
90,14,0
91,14,0
92,14,0
93,14,0
94,14,0
95,14,0
96,14,0
97,14,0
98,14,0
99,14,0
0,13,0
1,13,0
2,13,0
3,13,0
4,13,0
5,13,0
6,13,0
7,13,0
8,13,0
9,13,0
10,13,1
11,13,2
12,13,3
13,13,3
14,13,3
15,13,4
16,13,4
17,13,5
18,13,5
19,13,5
20,13,6
21,13,6
22,13,6
23,13,6
24,13,6
25,13,6
26,13,6
27,13,6
28,13,6
29,13,6
30,13,6
31,13,6
32,13,6
33,13,6
34,13,6
35,13,6
36,13,6
37,13,6
38,13,6
39,13,6
40,13,6
41,13,6
42,13,6
43,13,6
44,13,6
45,13,6
46,13,6
47,13,6
48,13,5
49,13,5
50,13,5
51,13,5
52,13,5
53,13,5
54,13,5
55,13,5
56,13,5
57,13,5
58,13,4
59,13,4
60,13,4
61,13,4
62,13,4
63,13,4
64,13,4
65,13,4
66,13,4
67,13,4
68,13,3
69,13,3
70,13,3
71,13,3
72,13,3
73,13,3
74,13,3
75,13,3
76,13,3
77,13,2
78,13,2
79,13,2
80,13,2
81,13,2
82,13,2
83,13,2
84,13,2
85,13,2
86,13,1
87,13,0
88,13,0
89,13,0
90,13,0
91,13,0
92,13,0
93,13,0
94,13,0
95,13,0
96,13,0
97,13,0
98,13,0
99,13,0
0,12,0
1,12,0
2,12,0
3,12,0
4,12,0
5,12,0
6,12,0
7,12,0
8,12,0
9,12,0
10,12,0
11,12,1
12,12,2
13,12,2
14,12,2
15,12,3
16,12,3
17,12,4
18,12,4
19,12,4
20,12,5
21,12,5
22,12,5
23,12,5
24,12,5
25,12,5
26,12,5
27,12,5
28,12,5
29,12,5
30,12,5
31,12,5
32,12,5
33,12,5
34,12,5
35,12,5
36,12,5
37,12,5
38,12,5
39,12,5
40,12,5
41,12,5
42,12,5
43,12,5
44,12,5
45,12,5
46,12,5
47,12,5
48,12,4
49,12,4
50,12,4
51,12,4
52,12,4
53,12,4
54,12,4
55,12,4
56,12,4
57,12,4
58,12,3
59,12,3
60,12,3
61,12,3
62,12,3
63,12,3
64,12,3
65,12,3
66,12,3
67,12,3
68,12,2
69,12,2
70,12,2
71,12,2
72,12,2
73,12,2
74,12,2
75,12,2
76,12,2
77,12,1
78,12,1
79,12,1
80,12,1
81,12,1
82,12,1
83,12,1
84,12,1
85,12,1
86,12,1
87,12,0
88,12,0
89,12,0
90,12,0
91,12,0
92,12,0
93,12,0
94,12,0
95,12,0
96,12,0
97,12,0
98,12,0
99,12,0
0,11,0
1,11,0
2,11,0
3,11,0
4,11,0
5,11,0
6,11,0
7,11,0
8,11,0
9,11,0
10,11,0
11,11,0
12,11,1
13,11,1
14,11,1
15,11,2
16,11,2
17,11,3
18,11,3
19,11,3
20,11,4
21,11,4
22,11,4
23,11,4
24,11,4
25,11,4
26,11,4
27,11,4
28,11,4
29,11,4
30,11,4
31,11,4
32,11,4
33,11,4
34,11,4
35,11,4
36,11,4
37,11,4
38,11,4
39,11,4
40,11,4
41,11,4
42,11,4
43,11,4
44,11,4
45,11,4
46,11,4
47,11,4
48,11,3
49,11,3
50,11,3
51,11,3
52,11,3
53,11,3
54,11,3
55,11,3
56,11,3
57,11,3
58,11,2
59,11,2
60,11,2
61,11,2
62,11,2
63,11,2
64,11,2
65,11,2
66,11,2
67,11,2
68,11,1
69,11,1
70,11,1
71,11,1
72,11,1
73,11,1
74,11,1
75,11,1
76,11,1
77,11,0
78,11,0
79,11,0
80,11,0
81,11,0
82,11,0
83,11,0
84,11,0
85,11,0
86,11,0
87,11,0
88,11,0
89,11,0
90,11,0
91,11,0
92,11,0
93,11,0
94,11,0
95,11,0
96,11,0
97,11,0
98,11,0
99,11,0
0,10,0
1,10,0
2,10,0
3,10,0
4,10,0
5,10,0
6,10,0
7,10,0
8,10,0
9,10,0
10,10,0
11,10,0
12,10,0
13,10,0
14,10,1
15,10,1
16,10,1
17,10,2
18,10,2
19,10,2
20,10,3
21,10,3
22,10,3
23,10,3
24,10,3
25,10,3
26,10,3
27,10,3
28,10,3
29,10,3
30,10,3
31,10,3
32,10,3
33,10,3
34,10,3
35,10,3
36,10,3
37,10,3
38,10,3
39,10,3
40,10,3
41,10,3
42,10,3
43,10,3
44,10,3
45,10,3
46,10,3
47,10,3
48,10,2
49,10,2
50,10,2
51,10,2
52,10,2
53,10,2
54,10,2
55,10,2
56,10,2
57,10,2
58,10,1
59,10,1
60,10,1
61,10,1
62,10,1
63,10,1
64,10,1
65,10,1
66,10,1
67,10,1
68,10,0
69,10,0
70,10,0
71,10,0
72,10,0
73,10,0
74,10,0
75,10,0
76,10,0
77,10,0
78,10,0
79,10,0
80,10,0
81,10,0
82,10,0
83,10,0
84,10,0
85,10,0
86,10,0
87,10,0
88,10,0
89,10,0
90,10,0
91,10,0
92,10,0
93,10,0
94,10,0
95,10,0
96,10,0
97,10,0
98,10,0
99,10,0
0,9,0
1,9,0
2,9,0
3,9,0
4,9,0
5,9,0
6,9,0
7,9,0
8,9,0
9,9,0
10,9,0
11,9,0
12,9,0
13,9,0
14,9,0
15,9,0
16,9,1
17,9,1
18,9,1
19,9,1
20,9,2
21,9,2
22,9,2
23,9,2
24,9,2
25,9,2
26,9,2
27,9,2
28,9,2
29,9,2
30,9,2
31,9,2
32,9,2
33,9,2
34,9,2
35,9,2
36,9,2
37,9,2
38,9,2
39,9,2
40,9,2
41,9,2
42,9,2
43,9,2
44,9,2
45,9,2
46,9,2
47,9,2
48,9,1
49,9,1
50,9,1
51,9,1
52,9,1
53,9,1
54,9,1
55,9,1
56,9,1
57,9,1
58,9,0
59,9,0
60,9,0
61,9,0
62,9,0
63,9,0
64,9,0
65,9,0
66,9,0
67,9,0
68,9,0
69,9,0
70,9,0
71,9,0
72,9,0
73,9,0
74,9,0
75,9,0
76,9,0
77,9,0
78,9,0
79,9,0
80,9,0
81,9,0
82,9,0
83,9,0
84,9,0
85,9,0
86,9,0
87,9,0
88,9,0
89,9,0
90,9,0
91,9,0
92,9,0
93,9,0
94,9,0
95,9,0
96,9,0
97,9,0
98,9,0
99,9,0
0,8,0
1,8,0
2,8,0
3,8,0
4,8,0
5,8,0
6,8,0
7,8,0
8,8,0
9,8,0
10,8,0
11,8,0
12,8,0
13,8,0
14,8,0
15,8,0
16,8,0
17,8,0
18,8,0
19,8,1
20,8,1
21,8,1
22,8,1
23,8,1
24,8,1
25,8,1
26,8,1
27,8,1
28,8,1
29,8,1
30,8,1
31,8,1
32,8,1
33,8,1
34,8,1
35,8,1
36,8,1
37,8,1
38,8,1
39,8,1
40,8,1
41,8,1
42,8,1
43,8,1
44,8,1
45,8,1
46,8,1
47,8,1
48,8,0
49,8,0
50,8,0
51,8,0
52,8,0
53,8,0
54,8,0
55,8,0
56,8,0
57,8,0
58,8,0
59,8,0
60,8,0
61,8,0
62,8,0
63,8,0
64,8,0
65,8,0
66,8,0
67,8,0
68,8,0
69,8,0
70,8,0
71,8,0
72,8,0
73,8,0
74,8,0
75,8,0
76,8,0
77,8,0
78,8,0
79,8,0
80,8,0
81,8,0
82,8,0
83,8,0
84,8,0
85,8,0
86,8,0
87,8,0
88,8,0
89,8,0
90,8,0
91,8,0
92,8,0
93,8,0
94,8,0
95,8,0
96,8,0
97,8,0
98,8,0
99,8,0
0,7,0
1,7,0
2,7,0
3,7,0
4,7,0
5,7,0
6,7,0
7,7,0
8,7,0
9,7,0
10,7,0
11,7,0
12,7,0
13,7,0
14,7,0
15,7,0
16,7,0
17,7,0
18,7,0
19,7,0
20,7,0
21,7,0
22,7,1
23,7,0
24,7,0
25,7,0
26,7,0
27,7,0
28,7,0
29,7,0
30,7,0
31,7,0
32,7,0
33,7,0
34,7,0
35,7,0
36,7,0
37,7,0
38,7,0
39,7,0
40,7,0
41,7,0
42,7,0
43,7,0
44,7,0
45,7,0
46,7,0
47,7,0
48,7,0
49,7,0
50,7,0
51,7,0
52,7,0
53,7,0
54,7,0
55,7,0
56,7,0
57,7,0
58,7,0
59,7,0
60,7,0
61,7,0
62,7,0
63,7,0
64,7,0
65,7,0
66,7,0
67,7,0
68,7,0
69,7,0
70,7,0
71,7,0
72,7,0
73,7,0
74,7,0
75,7,0
76,7,0
77,7,0
78,7,0
79,7,0
80,7,0
81,7,0
82,7,0
83,7,0
84,7,0
85,7,0
86,7,0
87,7,0
88,7,0
89,7,0
90,7,0
91,7,0
92,7,0
93,7,0
94,7,0
95,7,0
96,7,0
97,7,0
98,7,0
99,7,0
0,6,0
1,6,0
2,6,0
3,6,0
4,6,0
5,6,0
6,6,0
7,6,0
8,6,0
9,6,0
10,6,0
11,6,0
12,6,0
13,6,0
14,6,0
15,6,0
16,6,0
17,6,0
18,6,0
19,6,0
20,6,0
21,6,0
22,6,0
23,6,0
24,6,0
25,6,0
26,6,0
27,6,0
28,6,0
29,6,0
30,6,0
31,6,0
32,6,0
33,6,0
34,6,0
35,6,0
36,6,0
37,6,0
38,6,0
39,6,0
40,6,0
41,6,0
42,6,0
43,6,0
44,6,0
45,6,0
46,6,0
47,6,0
48,6,0
49,6,0
50,6,0
51,6,0
52,6,0
53,6,0
54,6,0
55,6,0
56,6,0
57,6,0
58,6,0
59,6,0
60,6,0
61,6,0
62,6,0
63,6,0
64,6,0
65,6,0
66,6,0
67,6,0
68,6,0
69,6,0
70,6,0
71,6,0
72,6,0
73,6,0
74,6,0
75,6,0
76,6,0
77,6,0
78,6,0
79,6,0
80,6,0
81,6,0
82,6,0
83,6,0
84,6,0
85,6,0
86,6,0
87,6,0
88,6,0
89,6,0
90,6,0
91,6,0
92,6,0
93,6,0
94,6,0
95,6,0
96,6,0
97,6,0
98,6,0
99,6,0
0,5,0
1,5,0
2,5,0
3,5,0
4,5,0
5,5,0
6,5,0
7,5,0
8,5,0
9,5,0
10,5,0
11,5,0
12,5,0
13,5,0
14,5,0
15,5,0
16,5,0
17,5,0
18,5,0
19,5,0
20,5,0
21,5,0
22,5,0
23,5,0
24,5,0
25,5,0
26,5,0
27,5,0
28,5,0
29,5,0
30,5,0
31,5,0
32,5,0
33,5,0
34,5,0
35,5,0
36,5,0
37,5,0
38,5,0
39,5,0
40,5,0
41,5,0
42,5,0
43,5,0
44,5,0
45,5,0
46,5,0
47,5,0
48,5,0
49,5,0
50,5,0
51,5,0
52,5,0
53,5,0
54,5,0
55,5,0
56,5,0
57,5,0
58,5,0
59,5,0
60,5,0
61,5,0
62,5,0
63,5,0
64,5,0
65,5,0
66,5,0
67,5,0
68,5,0
69,5,0
70,5,0
71,5,0
72,5,0
73,5,0
74,5,0
75,5,0
76,5,0
77,5,0
78,5,0
79,5,0
80,5,0
81,5,0
82,5,0
83,5,0
84,5,0
85,5,0
86,5,0
87,5,0
88,5,0
89,5,0
90,5,0
91,5,0
92,5,0
93,5,0
94,5,0
95,5,0
96,5,0
97,5,0
98,5,0
99,5,0
0,4,0
1,4,0
2,4,0
3,4,0
4,4,0
5,4,0
6,4,0
7,4,0
8,4,0
9,4,0
10,4,0
11,4,0
12,4,0
13,4,0
14,4,0
15,4,0
16,4,0
17,4,0
18,4,0
19,4,0
20,4,0
21,4,0
22,4,0
23,4,0
24,4,0
25,4,0
26,4,0
27,4,0
28,4,0
29,4,0
30,4,0
31,4,0
32,4,0
33,4,0
34,4,0
35,4,0
36,4,0
37,4,0
38,4,0
39,4,0
40,4,0
41,4,0
42,4,0
43,4,0
44,4,0
45,4,0
46,4,0
47,4,0
48,4,0
49,4,0
50,4,0
51,4,0
52,4,0
53,4,0
54,4,0
55,4,0
56,4,0
57,4,0
58,4,0
59,4,0
60,4,0
61,4,0
62,4,0
63,4,0
64,4,0
65,4,0
66,4,0
67,4,0
68,4,0
69,4,0
70,4,0
71,4,0
72,4,0
73,4,0
74,4,0
75,4,0
76,4,0
77,4,0
78,4,0
79,4,0
80,4,0
81,4,0
82,4,0
83,4,0
84,4,0
85,4,0
86,4,0
87,4,0
88,4,0
89,4,0
90,4,0
91,4,0
92,4,0
93,4,0
94,4,0
95,4,0
96,4,0
97,4,0
98,4,0
99,4,0
0,3,0
1,3,0
2,3,0
3,3,0
4,3,0
5,3,0
6,3,0
7,3,0
8,3,0
9,3,0
10,3,0
11,3,0
12,3,0
13,3,0
14,3,0
15,3,0
16,3,0
17,3,0
18,3,0
19,3,0
20,3,0
21,3,0
22,3,0
23,3,0
24,3,0
25,3,0
26,3,0
27,3,0
28,3,0
29,3,0
30,3,0
31,3,0
32,3,0
33,3,0
34,3,0
35,3,0
36,3,0
37,3,0
38,3,0
39,3,0
40,3,0
41,3,0
42,3,0
43,3,0
44,3,0
45,3,0
46,3,0
47,3,0
48,3,0
49,3,0
50,3,0
51,3,0
52,3,0
53,3,0
54,3,0
55,3,0
56,3,0
57,3,0
58,3,0
59,3,0
60,3,0
61,3,0
62,3,0
63,3,0
64,3,0
65,3,0
66,3,0
67,3,0
68,3,0
69,3,0
70,3,0
71,3,0
72,3,0
73,3,0
74,3,0
75,3,0
76,3,0
77,3,0
78,3,0
79,3,0
80,3,0
81,3,0
82,3,0
83,3,0
84,3,0
85,3,0
86,3,0
87,3,0
88,3,0
89,3,0
90,3,0
91,3,0
92,3,0
93,3,0
94,3,0
95,3,0
96,3,0
97,3,0
98,3,0
99,3,0
0,2,0
1,2,0
2,2,0
3,2,0
4,2,0
5,2,0
6,2,0
7,2,0
8,2,0
9,2,0
10,2,0
11,2,0
12,2,0
13,2,0
14,2,0
15,2,0
16,2,0
17,2,0
18,2,0
19,2,0
20,2,0
21,2,0
22,2,0
23,2,0
24,2,0
25,2,0
26,2,0
27,2,0
28,2,0
29,2,0
30,2,0
31,2,0
32,2,0
33,2,0
34,2,0
35,2,0
36,2,0
37,2,0
38,2,0
39,2,0
40,2,0
41,2,0
42,2,0
43,2,0
44,2,0
45,2,0
46,2,0
47,2,0
48,2,0
49,2,0
50,2,0
51,2,0
52,2,0
53,2,0
54,2,0
55,2,0
56,2,0
57,2,0
58,2,0
59,2,0
60,2,0
61,2,0
62,2,0
63,2,0
64,2,0
65,2,0
66,2,0
67,2,0
68,2,0
69,2,0
70,2,0
71,2,0
72,2,0
73,2,0
74,2,0
75,2,0
76,2,0
77,2,0
78,2,0
79,2,0
80,2,0
81,2,0
82,2,0
83,2,0
84,2,0
85,2,0
86,2,0
87,2,0
88,2,0
89,2,0
90,2,0
91,2,0
92,2,0
93,2,0
94,2,0
95,2,0
96,2,0
97,2,0
98,2,0
99,2,0
0,1,0
1,1,0
2,1,0
3,1,0
4,1,0
5,1,0
6,1,0
7,1,0
8,1,0
9,1,0
10,1,0
11,1,0
12,1,0
13,1,0
14,1,0
15,1,0
16,1,0
17,1,0
18,1,0
19,1,0
20,1,0
21,1,0
22,1,0
23,1,0
24,1,0
25,1,0
26,1,0
27,1,0
28,1,0
29,1,0
30,1,0
31,1,0
32,1,0
33,1,0
34,1,0
35,1,0
36,1,0
37,1,0
38,1,0
39,1,0
40,1,0
41,1,0
42,1,0
43,1,0
44,1,0
45,1,0
46,1,0
47,1,0
48,1,0
49,1,0
50,1,0
51,1,0
52,1,0
53,1,0
54,1,0
55,1,0
56,1,0
57,1,0
58,1,0
59,1,0
60,1,0
61,1,0
62,1,0
63,1,0
64,1,0
65,1,0
66,1,0
67,1,0
68,1,0
69,1,0
70,1,0
71,1,0
72,1,0
73,1,0
74,1,0
75,1,0
76,1,0
77,1,0
78,1,0
79,1,0
80,1,0
81,1,0
82,1,0
83,1,0
84,1,0
85,1,0
86,1,0
87,1,0
88,1,0
89,1,0
90,1,0
91,1,0
92,1,0
93,1,0
94,1,0
95,1,0
96,1,0
97,1,0
98,1,0
99,1,0
0,0,0
1,0,0
2,0,0
3,0,0
4,0,0
5,0,0
6,0,0
7,0,0
8,0,0
9,0,0
10,0,0
11,0,0
12,0,0
13,0,0
14,0,0
15,0,0
16,0,0
17,0,0
18,0,0
19,0,0
20,0,0
21,0,0
22,0,0
23,0,0
24,0,0
25,0,0
26,0,0
27,0,0
28,0,0
29,0,0
30,0,0
31,0,0
32,0,0
33,0,0
34,0,0
35,0,0
36,0,0
37,0,0
38,0,0
39,0,0
40,0,0
41,0,0
42,0,0
43,0,0
44,0,0
45,0,0
46,0,0
47,0,0
48,0,0
49,0,0
50,0,0
51,0,0
52,0,0
53,0,0
54,0,0
55,0,0
56,0,0
57,0,0
58,0,0
59,0,0
60,0,0
61,0,0
62,0,0
63,0,0
64,0,0
65,0,0
66,0,0
67,0,0
68,0,0
69,0,0
70,0,0
71,0,0
72,0,0
73,0,0
74,0,0
75,0,0
76,0,0
77,0,0
78,0,0
79,0,0
80,0,0
81,0,0
82,0,0
83,0,0
84,0,0
85,0,0
86,0,0
87,0,0
88,0,0
89,0,0
90,0,0
91,0,0
92,0,0
93,0,0
94,0,0
95,0,0
96,0,0
97,0,0
98,0,0
99,0,0