x,y,theta,v,phi,a,omega,jerk
81,14.4066,1.64177,1,0,0,0,5.45622
80.9967,14.4533,1.64925,1.00094,0.00143659,0.255845,1.18048,5.04545
80.993,14.5,1.65676,1.01385,0.0579254,0.492428,1.01462,4.63944
80.989,14.5473,1.66558,1.03781,0.106477,0.709974,0.844242,4.24187
80.9844,14.5956,1.67559,1.07194,0.146876,0.908877,0.667493,3.85579
80.9791,14.6455,1.68668,1.11534,0.178817,1.08968,0.482997,3.48358
80.9731,14.6973,1.69871,1.16717,0.20193,1.25302,0.289873,3.1269
80.9662,14.7515,1.71156,1.2266,0.215801,1.39965,0.0877408,2.78667
80.9581,14.8084,1.72503,1.29286,0.22,1.53031,3.16742e-06,2.46301
80.9488,14.8681,1.7389,1.36519,0.22,1.64581,1.64087e-07,2.15572
80.9382,14.9311,1.75305,1.44289,0.22,1.74689,1.52923e-07,1.86458
80.9259,14.9975,1.76752,1.52528,0.22,1.83432,1.40406e-07,1.58935
80.912,15.0675,1.78231,1.61173,0.22,1.90885,1.27175e-07,1.32976
80.8962,15.1413,1.79744,1.70162,0.22,1.9712,1.13708e-07,1.08553
80.8783,15.2189,1.81293,1.7944,0.22,2.0221,1.00311e-07,0.856363
80.8582,15.3004,1.82877,1.88953,0.22,2.06226,8.71622e-08,0.64195
80.8357,15.3859,1.84497,1.9865,0.22,2.09236,7.43422e-08,0.441958
80.8105,15.4753,1.86154,2.08484,0.22,2.11308,6.18618e-08,0.256041
80.7825,15.5688,1.87847,2.18412,0.22,2.12509,4.96799e-08,0.0838366
80.7516,15.6662,1.89576,2.28394,0.22,2.12902,3.7716e-08,-0.0750329
80.7175,15.7675,1.91342,2.3839,0.22,2.1255,2.58578e-08,-0.22096
80.6801,15.8725,1.93143,2.48367,0.22,2.11514,1.39643e-08,-0.354351
80.6391,15.9813,1.94978,2.58293,0.22,2.09852,1.86547e-09,-0.475626
80.5944,16.0936,1.96848,2.68139,0.22,2.07622,-1.06419e-08,-0.585221
80.5458,16.2092,1.9875,2.77877,0.22,2.04878,-2.38022e-08,-0.683582
80.4932,16.3281,2.00684,2.87484,0.22,2.01673,-3.79135e-08,-0.771171
80.4364,16.4501,2.02648,2.96939,0.22,1.98056,-5.33474e-08,-0.848461
80.3753,16.5748,2.04642,3.06223,0.22,1.94078,-7.05771e-08,-0.915936
80.3097,16.7022,2.06663,3.15318,0.22,1.89783,-9.022e-08,-0.974094
80.2395,16.832,2.0871,3.2421,0.22,1.85216,-1.13102e-07,-1.02345
80.1646,16.9639,2.10782,3.32886,0.22,1.80417,-1.40356e-07,-1.06451
80.085,17.0977,2.12876,3.41336,0.22,1.75425,-1.73584e-07,-1.09781
80.0004,17.2332,2.14992,3.49551,0.22,1.70277,-2.15112e-07,-1.1239
79.9109,17.3701,2.17128,3.57523,0.22,1.65007,-2.68444e-07,-1.14333
79.8164,17.5081,2.19282,3.65247,0.22,1.59646,-3.22175e-07,-1.15666
79.7169,17.647,2.21452,3.72719,0.22,1.54222,-3.76812e-07,-1.16445
79.6122,17.7865,2.23637,3.79936,0.22,1.48762,-4.43545e-07,-1.16721
79.5025,17.9263,2.25837,3.86896,0.22,1.43289,-5.26038e-07,-1.16546
79.3876,18.0662,2.28052,3.93599,0.22,1.37824,-6.29365e-07,-1.15966
79.2676,18.2059,2.30282,4.00046,0.22,1.32387,-7.60689e-07,-1.15028
79.1426,18.3451,2.32526,4.06237,0.22,1.26993,-9.30334e-07,-1.13773
79.0124,18.4836,2.34784,4.12176,0.22,1.21658,-1.15362e-06,-1.12242
78.8772,18.6211,2.37056,4.17864,0.22,1.16395,-1.45615e-06,-1.10472
78.737,18.7574,2.39342,4.23305,0.219999,1.11215,-2.50863e-05,-1.08497
78.5919,18.8921,2.41642,4.28504,0.219998,1.06127,-0.0460887,-1.0635
78.4419,19.0251,2.43955,4.33464,0.217793,1.01141,-0.105265,-1.04061
78.287,19.1561,2.46259,4.3819,0.212756,0.962611,-0.153635,-1.0166
78.1275,19.2848,2.48521,4.42688,0.205404,0.914942,-0.19209,-0.991729
77.9635,19.4112,2.50717,4.46963,0.196212,0.86844,-0.221569,-0.966227
77.795,19.5352,2.52824,4.5102,0.185609,0.823133,-0.243027,-0.94029
77.6225,19.6567,2.54826,4.54865,0.17398,0.779042,-0.257407,-0.914078
77.4461,19.7757,2.5671,4.58504,0.161662,0.73618,-0.265618,-0.887716
77.266,19.8923,2.58467,4.61942,0.148952,0.694555,-0.268525,-0.861303
77.0826,20.0065,2.60091,4.65185,0.136102,0.654168,-0.266937,-0.834908
76.896,20.1185,2.6158,4.68239,0.123329,0.615019,-0.261601,-0.808583
76.7065,20.2285,2.62933,4.71111,0.110811,0.577104,-0.253202,-0.782358
76.5144,20.3365,2.64151,4.73805,0.0986943,0.540419,-0.242362,-0.756253
76.3199,20.4429,2.65238,4.76327,0.0870966,0.504958,-0.229639,-0.730274
76.1232,20.5476,2.66199,4.78683,0.0761079,0.470715,-0.215529,-0.704423
75.9246,20.6509,2.67039,4.8088,0.0657943,0.437684,-0.20047,-0.678693
75.7241,20.7531,2.67766,4.82921,0.0562013,0.40586,-0.184845,-0.653078
75.5221,20.8542,2.68387,4.84814,0.0473561,0.375237,-0.168982,-0.627566
75.3186,20.9544,2.68909,4.86564,0.0392699,0.34581,-0.153162,-0.602147
75.1139,21.054,2.69342,4.88176,0.0319407,0.317575,-0.137621,-0.576811
74.9081,21.153,2.69692,4.89656,0.0253553,0.290528,-0.12255,-0.551548
74.7013,21.2515,2.69969,4.91009,0.019491,0.264665,-0.108105,-0.52635
74.4937,21.3498,2.70179,4.92242,0.0143179,0.239985,-0.0944056,-0.501209
74.2853,21.4479,2.70331,4.93359,0.00980034,0.216483,-0.0815409,-0.47612
74.0763,21.5458,2.70432,4.94366,0.00589842,0.194157,-0.0695723,-0.451077
73.8668,21.6438,2.7049,4.95268,0.00256922,0.173006,-0.0585374,-0.426077
73.6569,21.7418,2.70509,4.96072,-0.000231936,0.153027,-0.0484528,-0.401117
73.4466,21.8399,2.70497,4.96782,-0.00255052,0.134218,-0.0393174,-0.376196
73.236,21.9382,2.70459,4.97405,-0.00443195,0.116578,-0.0311153,-0.351311
73.0251,22.0367,2.704,4.97944,-0.00592089,0.100105,-0.0238185,-0.326463
72.8141,22.1355,2.70324,4.98407,-0.00706067,0.0847972,-0.0173891,-0.30165
72.603,22.2345,2.70236,4.98798,-0.00789278,0.0706527,-0.011782,-0.276874
72.3918,22.3337,2.70139,4.99123,-0.00845657,0.0576699,-0.00694629,-0.252134
72.1806,22.4332,2.70036,4.99387,-0.00878897,0.0458472,-0.00282751,-0.227433
71.9693,22.533,2.69929,4.99596,-0.00892427,0.0351828,0.000631154,-0.202771
71.7581,22.6331,2.69822,4.99755,-0.00889407,0.0256748,0.00348741,-0.178151
71.5469,22.7334,2.69715,4.99869,-0.00872719,0.0173212,0.00579881,-0.153582
71.3358,22.834,2.69611,4.99945,-0.0084497,0.0101196,0.00762184,-0.129083
71.1247,22.9348,2.69511,4.99986,-0.00808498,0.00406685,0.00901117,-0.104735
70.9138,23.0358,2.69415,5,-0.00765378,-0.000844235,0.010019,-0.10078
70.7029,23.137,2.69324,4.99995,-0.00717434,-0.00556986,0.0106949,-0.097487
70.4921,23.2384,2.6924,4.99968,-0.00666256,-0.0101411,0.011085,-0.0943007
70.2814,23.34,2.69162,4.9992,-0.00613212,-0.0145629,0.0112321,-0.0911752
70.0708,23.4417,2.6909,4.99851,-0.00559464,-0.0188381,0.0111757,-0.0880977
69.8603,23.5436,2.69024,4.99762,-0.00505985,-0.0229691,0.0109517,-0.0850627
69.65,23.6456,2.68965,4.99654,-0.00453579,-0.0269577,0.0105924,-0.0820673
69.4397,23.7477,2.68913,4.99527,-0.00402892,-0.0308059,0.0101269,-0.0791098
69.2295,23.8499,2.68866,4.99383,-0.00354432,-0.0345154,0.00958073,-0.0761889
69.0195,23.9522,2.68825,4.9922,-0.00308586,-0.0380879,0.0089766,-0.0733037
68.8095,24.0545,2.6879,4.99042,-0.00265631,-0.0415252,0.00833407,-0.0704537
68.5997,24.1568,2.68759,4.98847,-0.00225751,-0.0448288,0.00766997,-0.0676384
68.3899,24.2592,2.68733,4.98636,-0.00189048,-0.0480004,0.00699859,-0.0648572
68.1803,24.3616,2.68712,4.98411,-0.00155558,-0.0510416,0.00633186,-0.0621101
67.9708,24.4639,2.68695,4.98172,-0.00125259,-0.0539539,0.00567959,-0.0593965
67.7614,24.5663,2.68681,4.97919,-0.000980804,-0.0567391,0.00504965,-0.0567165
67.5522,24.6686,2.6867,4.97653,-0.000739166,-0.0593985,0.00444821,-0.0540697
67.3431,24.771,2.68662,4.97374,-0.000526308,-0.0619339,0.00387992,-0.0514561
67.134,24.8732,2.68656,4.97084,-0.000340645,-0.0643467,0.00334807,-0.0488755
66.9252,24.9754,2.68653,4.96782,-0.000180432,-0.0666385,0.00285484,-0.0463279
66.7164,25.0776,2.68651,4.9647,-4.38209e-05,-0.0688108,0.00240139,-0.0438132
66.5078,25.1797,2.68651,4.96147,7.10914e-05,-0.0708652,0.00198805,-0.0413313
66.2993,25.2818,2.68652,4.95815,0.000166224,-0.0728033,0.00161445,-0.0388823
66.091,25.3837,2.68654,4.95474,0.000243479,-0.0746265,0.00127966,-0.036466
65.8828,25.4856,2.68657,4.95124,0.000304714,-0.0763364,0.000982284,-0.0340824
65.6747,25.5874,2.68661,4.94767,0.000351719,-0.0779346,0.000720572,-0.0317316
65.4668,25.6892,2.68666,4.94402,0.0003862,-0.0794225,0.00049251,-0.0294136
65.259,25.7908,2.6867,4.94029,0.000409768,-0.0808017,0.000295895,-0.0271282
65.0514,25.8924,2.68675,4.93651,0.000423927,-0.0820737,0.000128405,-0.0248756
64.844,25.9939,2.6868,4.93266,0.000430071,-0.0832402,-1.23452e-05,-0.0226558
64.6367,26.0953,2.68685,4.92877,0.000429481,-0.0843025,-0.000128752,-0.0204687
64.4295,26.1966,2.6869,4.92482,0.00042332,-0.0852623,-0.000223186,-0.0183143
64.2225,26.2978,2.68695,4.92082,0.00041264,-0.0861211,-0.000297956,-0.0161927
64.0157,26.3989,2.687,4.91679,0.000398382,-0.0868803,-0.000355285,-0.0141038
63.8091,26.4999,2.68705,4.91272,0.00038138,-0.0875417,-0.000397287,-0.0120477
63.6026,26.6008,2.68709,4.90862,0.000362369,-0.0881066,-0.000425956,-0.0100245
63.3963,26.7017,2.68713,4.90449,0.000341986,-0.0885767,-0.00044315,-0.00803395
63.1901,26.8024,2.68717,4.90034,0.00032078,-0.0889534,-0.00045059,-0.00607624
62.9841,26.903,2.68721,4.89618,0.000299219,-0.0892383,-0.000449854,-0.00415133
62.7783,27.0036,2.68724,4.892,0.000277692,-0.089433,-0.000442376,-0.00225924
62.5727,27.1041,2.68728,4.88781,0.000256523,-0.0895389,-0.000429448,-0.000399961
62.3672,27.2044,2.6873,4.88362,0.000235973,-0.0895576,-0.000412228,0.00142649
62.1619,27.3047,2.68733,4.87942,0.000216247,-0.0894908,-0.000391739,0.00322012
61.9568,27.4049,2.68736,4.87523,0.000197501,-0.0893398,-0.000368881,0.00498091
61.7519,27.505,2.68738,4.87105,0.00017985,-0.0891062,-0.000344435,0.00670887
61.5471,27.605,2.6874,4.86688,0.000163368,-0.0887916,-0.000319071,0.00840399
61.3425,27.7049,2.68742,4.86272,0.000148099,-0.0883976,-0.000293361,0.0100663
61.1381,27.8047,2.68743,4.85858,0.000134061,-0.0879255,-0.000267781,0.0116957
60.9338,27.9045,2.68745,4.85446,0.000121247,-0.0873771,-0.000242724,0.0132923
60.7298,28.0041,2.68746,4.85037,0.000109632,-0.0867538,-0.000218506,0.014856
60.5259,28.1037,2.68747,4.84631,9.91763e-05,-0.0860572,-0.000195375,0.0163869
60.3221,28.2031,2.68749,4.84228,8.98272e-05,-0.0852888,-0.00017352,0.0178849
60.1185,28.3025,2.6875,4.83828,8.15238e-05,-0.0844502,-0.000153076,0.0193501
59.9151,28.4018,2.6875,4.83433,7.41988e-05,-0.0835429,-0.000134132,0.0207824
59.7119,28.5011,2.68751,4.83042,6.77802e-05,-0.0825684,-0.000116739,0.0221819
59.5088,28.6002,2.68752,4.82655,6.2194e-05,-0.0815283,-0.000100913,0.0235485
59.3059,28.6993,2.68753,4.82274,5.7365e-05,-0.0804241,-8.66417e-05,0.0248823
59.1032,28.7982,2.68753,4.81897,5.3219e-05,-0.0792573,-7.3891e-05,0.0261832
58.9006,28.8972,2.68754,4.81526,4.96832e-05,-0.0780296,-6.26072e-05,0.0274513
58.6981,28.996,2.68754,4.81161,4.66873e-05,-0.0767424,-5.27221e-05,0.0286865
58.4958,29.0947,2.68755,4.80801,4.41644e-05,-0.0753972,-4.41565e-05,0.0298888
58.2937,29.1934,2.68755,4.80448,4.20514e-05,-0.0739957,-3.68226e-05,0.0310583
58.0917,29.292,2.68756,4.80102,4.02894e-05,-0.0725394,-3.06275e-05,0.0321949
57.8899,29.3905,2.68756,4.79762,3.88238e-05,-0.0710298,-2.54751e-05,0.0332987
57.6882,29.489,2.68757,4.7943,3.76047e-05,-0.0694684,-2.1268e-05,0.0343696
57.4866,29.5874,2.68757,4.79104,3.6587e-05,-0.0678568,-1.79094e-05,0.0354077
57.2852,29.6857,2.68758,4.78787,3.573e-05,-0.0661965,-1.53041e-05,0.0364129
57.0839,29.784,2.68758,4.78477,3.49976e-05,-0.0644891,-1.33601e-05,0.0373852
56.8827,29.8821,2.68758,4.78175,3.43583e-05,-0.062736,-1.19891e-05,0.0383247
56.6817,29.9803,2.68759,4.77881,3.37846e-05,-0.060939,-1.11072e-05,0.0392314
56.4808,30.0783,2.68759,4.77596,3.32531e-05,-0.0590994,-1.06359e-05,0.0401051
56.28,30.1764,2.6876,4.77319,3.27442e-05,-0.0572188,-1.05018e-05,0.0409461
56.0793,30.2743,2.6876,4.77051,3.22416e-05,-0.0552989,-1.06374e-05,0.0417541
55.8788,30.3722,2.6876,4.76792,3.17326e-05,-0.053341,-1.09811e-05,0.0425293
55.6783,30.47,2.68761,4.76543,3.12071e-05,-0.0513468,-1.14771e-05,0.0432717
55.4779,30.5678,2.68761,4.76302,3.06579e-05,-0.0493177,-1.20757e-05,0.0439811
55.2777,30.6656,2.68761,4.76071,3.00801e-05,-0.0472554,-1.27333e-05,0.0446577
55.0775,30.7633,2.68762,4.7585,2.94708e-05,-0.0451614,-1.34121e-05,0.0453015
54.8775,30.8609,2.68762,4.75639,2.8829e-05,-0.0430372,-1.408e-05,0.0459124
54.6775,30.9585,2.68762,4.75437,2.81552e-05,-0.0408844,-1.47111e-05,0.0464904
54.4776,31.0561,2.68763,4.75246,2.74512e-05,-0.0387044,-1.52849e-05,0.0470356
54.2778,31.1536,2.68763,4.75065,2.67198e-05,-0.0364989,-1.57866e-05,0.0475479
54.0781,31.2511,2.68763,4.74894,2.59644e-05,-0.0342693,-1.62071e-05,0.0480273
53.8784,31.3485,2.68764,4.74733,2.51888e-05,-0.0320173,-1.65427e-05,0.0484739
53.6788,31.4459,2.68764,4.74583,2.43972e-05,-0.0297443,-1.67953e-05,0.0488876
53.4793,31.5433,2.68764,4.74444,2.35935e-05,-0.027452,-1.69724e-05,0.0492684
53.2798,31.6407,2.68764,4.74316,2.27814e-05,-0.0251418,-1.70869e-05,0.0496164
53.0804,31.738,2.68765,4.74198,2.19637e-05,-0.0228152,-1.71575e-05,0.0499315
52.881,31.8353,2.68765,4.74091,2.11427e-05,-0.0204739,-1.72083e-05,0.0502137
52.6817,31.9326,2.68765,4.73995,2.03192e-05,-0.0181194,-1.72693e-05,0.050463
52.4824,32.0298,2.68765,4.7391,1.94928e-05,-0.0157531,-1.73762e-05,0.0506795
52.2832,32.1271,2.68766,4.73837,1.86614e-05,-0.0133767,-1.75705e-05,0.0508631
52.084,32.2243,2.68766,4.73774,1.78206e-05,-0.0109917,-1.78997e-05,0.0510139
51.8848,32.3215,2.68766,4.73723,1.6964e-05,-0.00859967,-1.84171e-05,0.0511317
51.6856,32.4187,2.68766,4.73682,1.60827e-05,-0.00620208,-1.91817e-05,0.0512167
51.4865,32.5159,2.68766,4.73653,1.51648e-05,-0.0038005,-2.02587e-05,0.0512689
51.2873,32.6131,2.68766,4.73636,1.41954e-05,-0.00139648,-2.17185e-05,0.0512881
51.0882,32.7103,2.68767,4.73629,1.31561e-05,0.00100844,-2.36371e-05,0.0512745
50.889,32.8074,2.68767,4.73634,1.2025e-05,0.00341273,-2.60956e-05,0.051228
50.6899,32.9046,2.68767,4.7365,1.07763e-05,0.00581483,-2.91796e-05,0.0511486
50.4908,33.0018,2.68767,4.73677,9.37998e-06,0.00821322,-3.29787e-05,0.0510363
50.2916,33.099,2.68767,4.73715,7.80187e-06,0.0106063,-3.75856e-05,0.0508912
50.0924,33.1962,2.68767,4.73765,6.00331e-06,0.0129926,-4.30952e-05,0.0507132
49.8933,33.2934,2.68767,4.73826,3.9411e-06,0.0153706,-4.96031e-05,0.0505023
49.694,33.3906,2.68767,4.73898,1.56748e-06,0.0177387,-5.72046e-05,0.0502585
49.4948,33.4878,2.68767,4.73981,-1.1699e-06,0.0200953,-6.59924e-05,0.0499818
49.2955,33.5851,2.68767,4.74075,-4.32779e-06,0.022439,-7.60549e-05,0.0496723
49.0962,33.6824,2.68767,4.7418,-7.9672e-06,0.0247682,-8.74736e-05,0.0493299
48.8968,33.7797,2.68767,4.74296,-1.2153e-05,0.0270813,-0.00010032,0.0489546
48.6974,33.877,2.68767,4.74423,-1.69536e-05,0.0293768,-0.000114653,0.0485464
48.498,33.9743,2.68767,4.7456,-2.244e-05,0.0316531,-0.000130516,0.0481054
48.2984,34.0717,2.68767,4.74708,-2.86855e-05,0.0339088,-0.00014793,0.0476314
48.0988,34.1691,2.68766,4.74867,-3.57643e-05,0.0361423,-0.000166891,0.0471246
47.8992,34.2665,2.68766,4.75036,-4.37504e-05,0.038352,-0.000187367,0.0465849
47.6995,34.364,2.68766,4.75216,-5.27164e-05,0.0405364,-0.000209289,0.0460124
47.4997,34.4615,2.68765,4.75406,-6.27314e-05,0.0426939,-0.000232547,0.0454069
47.2998,34.559,2.68764,4.75606,-7.38593e-05,0.0448231,-0.000256983,0.0447686
47.0998,34.6566,2.68764,4.75815,-8.61565e-05,0.0469223,-0.000282385,0.0440974
46.8998,34.7543,2.68763,4.76035,-9.96693e-05,0.04899,-0.000308479,0.0433934
46.6996,34.8519,2.68762,4.76264,-0.000114431,0.0510248,-0.000334921,0.0426565
46.4994,34.9497,2.6876,4.76503,-0.000130458,0.053025,-0.000361291,0.0418867
46.2991,35.0475,2.68759,4.76752,-0.000147746,0.0549891,-0.000387083,0.0410841
46.0986,35.1453,2.68757,4.77009,-0.000166269,0.0569155,-0.000411699,0.0402486
45.8981,35.2432,2.68755,4.77275,-0.00018597,0.0588028,-0.000434437,0.0393803
45.6974,35.3411,2.68753,4.77551,-0.000206759,0.0606493,-0.000454489,0.0384792
45.4967,35.4391,2.68751,4.77835,-0.000228507,0.0624537,-0.000470929,0.0375452
45.2958,35.5372,2.68749,4.78127,-0.000251042,0.0642142,-0.000482708,0.0365784
45.0948,35.6354,2.68746,4.78428,-0.000274141,0.0659293,-0.000488647,0.0355788
44.8937,35.7336,2.68743,4.78736,-0.000297524,0.0675977,-0.000487434,0.0345464
44.6924,35.8318,2.68739,4.79053,-0.000320849,0.0692175,-0.000477619,0.0334812
44.491,35.9302,2.68736,4.79377,-0.000343704,0.0707875,-0.000457614,0.0323833
44.2895,36.0286,2.68732,4.79708,-0.000365602,0.072306,-0.000425695,0.0312526
44.0878,36.1271,2.68728,4.80047,-0.000385972,0.0737714,-0.000380002,0.0300891
43.8861,36.2257,2.68723,4.80392,-0.000404156,0.0751823,-0.00031855,0.028893
43.6841,36.3243,2.68719,4.80744,-0.0004194,0.0765371,-0.00023924,0.0276641
43.482,36.4231,2.68714,4.81103,-0.000430848,0.0778343,-0.000139869,0.0264025
43.2798,36.5219,2.68709,4.81467,-0.000437541,0.0790723,-1.81586e-05,0.0251083
43.0774,36.6208,2.68704,4.81837,-0.00043841,0.0802497,0.000128224,0.0237814
42.8749,36.7198,2.68699,4.82213,-0.000432274,0.0813648,0.000301632,0.0224219
42.6723,36.8189,2.68694,4.82594,-0.00041784,0.0824162,0.000504399,0.0210298
42.4694,36.918,2.68689,4.8298,-0.000393703,0.0834023,0.00073879,0.0196051
42.2664,37.0173,2.68684,4.8337,-0.000358351,0.0843215,0.00100694,0.0181478
42.0633,37.1166,2.6868,4.83765,-0.000310166,0.0851725,0.00131081,0.0166579
41.86,37.2161,2.68676,4.84164,-0.00024744,0.0859536,0.00165208,0.0151356
41.6565,37.3156,2.68673,4.84567,-0.000168385,0.0866633,0.00203206,0.0135806
41.4529,37.4152,2.68671,4.84972,-7.11458e-05,0.0873001,0.00245163,0.0119931
41.2491,37.5149,2.6867,4.85381,4.61707e-05,0.0878625,0.00291111,0.0103731
41.0451,37.6147,2.6867,4.85793,0.000185474,0.0883489,0.0034101,0.00872052
40.8409,37.7146,2.68671,4.86206,0.000348656,0.0887578,0.0039474,0.00703537
40.6366,37.8145,2.68675,4.86622,0.000537548,0.0890877,0.00452082,0.00531761
40.4321,37.9146,2.6868,4.87039,0.00075388,0.089337,0.00512706,0.0035672
40.2274,38.0147,2.68688,4.87457,0.000999222,0.0895043,0.00576146,0.0017841
40.0226,38.1148,2.68699,4.87877,0.00127492,0.089588,0.00641792,-3.17808e-05
39.8175,38.2151,2.68713,4.88296,0.00158203,0.0895865,0.00708861,-0.00188051
39.6123,38.3154,2.68731,4.88716,0.00192124,0.0894983,0.00776383,-0.00376219
39.4068,38.4157,2.68752,4.89135,0.00229276,0.0893219,0.00843175,-0.00567694
39.2012,38.5161,2.68777,4.89553,0.00269624,0.0890557,0.00907823,-0.00762488
38.9954,38.6165,2.68808,4.8997,0.00313065,0.0886982,0.00968661,-0.00960617
38.7893,38.717,2.68843,4.90386,0.00359418,0.0882477,0.0102375,-0.011621
38.5831,38.8175,2.68884,4.90799,0.00408407,0.0877028,0.0107084,-0.0136694
38.3766,38.9179,2.6893,4.9121,0.00459649,0.0870618,0.011074,-0.0157517
38.1699,39.0184,2.68983,4.91617,0.00512641,0.0863232,0.0113055,-0.017868
37.963,39.1188,2.69041,4.92022,0.00566741,0.0854854,0.0113705,-0.0200185
37.7558,39.2192,2.69107,4.92422,0.00621151,0.0845467,0.0112333,-0.0222034
37.5485,39.3195,2.69178,4.92818,0.00674905,0.0835056,0.0108546,-0.0244227
37.3409,39.4198,2.69256,4.93209,0.00726847,0.0823604,0.0101915,-0.0266767
37.133,39.5199,2.69341,4.93595,0.00775616,0.0811095,0.00919751,-0.0289653
36.9249,39.62,2.69431,4.93975,0.00819628,0.0797513,0.00782287,-0.0312887
36.7165,39.72,2.69527,4.94349,0.00857062,0.0782842,0.00601478,-0.0336469
36.5079,39.8198,2.69628,4.94716,0.00885845,0.0767064,0.00371771,-0.0360397
36.2991,39.9195,2.69733,4.95075,0.00903635,0.0750165,0.000873988,-0.0384672
36.0899,40.0191,2.6984,4.95427,0.00907817,0.0732128,-0.0025756,-0.0409294
35.8806,40.1185,2.69948,4.9577,0.00895492,0.0712936,-0.00669093,-0.043426
35.6709,40.2178,2.70056,4.96104,0.00863474,0.0692573,-0.0115315,-0.0459573
35.4611,40.3169,2.70161,4.96428,0.00808293,0.0671023,-0.0171554,-0.0485232
35.2509,40.4158,2.7026,4.96743,0.007262,0.0648271,-0.0236175,-0.0511242
35.0406,40.5146,2.7035,4.97047,0.00613185,0.0624298,-0.0309681,-0.0537607
34.83,40.6133,2.70428,4.97339,0.00464995,0.059909,-0.0392508,-0.0564339
34.6193,40.7118,2.7049,4.9762,0.0027717,0.0572628,-0.0485003,-0.0591452
34.4083,40.8103,2.70531,4.97889,0.000450849,0.0544894,-0.0587399,-0.061897
34.1972,40.9087,2.70545,4.98144,-0.00236,0.051587,-0.0699788,-0.0646923
33.986,41.0072,2.70528,4.98386,-0.00570865,0.0485536,-0.0822088,-0.0675352
33.7747,41.1058,2.70473,4.98614,-0.00964254,0.0453868,-0.0954011,-0.0704313
33.5633,41.2045,2.70372,4.98827,-0.0142077,0.0420842,-0.109502,-0.073387
33.352,41.3034,2.70219,4.99025,-0.0194476,0.0386431,-0.124431,-0.0764107
33.1407,41.4028,2.70006,4.99206,-0.025402,0.0350602,-0.140072,-0.0795119
32.9296,41.5026,2.69724,4.99371,-0.0321047,0.0313318,-0.156274,-0.0827016
32.7186,41.603,2.69363,4.99518,-0.0395828,0.0274539,-0.172842,-0.0859921
32.508,41.7043,2.68916,4.99647,-0.0478537,0.0234217,-0.189536,-0.0893962
32.2978,41.8065,2.68371,4.99758,-0.0569234,0.0192298,-0.206059,-0.0929278
32.0881,41.9098,2.6772,4.99849,-0.0667838,0.0148724,-0.222057,-0.0966009
31.879,42.0146,2.66953,4.99919,-0.0774098,0.0103427,-0.237112,-0.100433
31.6707,42.121,2.66059,4.99968,-0.0887562,0.00563338,-0.250732,-0.104466
31.4634,42.2292,2.65031,4.99995,-0.100754,0.000734908,-0.262348,-0.10921
31.2571,42.3396,2.63859,5,-0.113308,-0.00438602,-0.271304,-0.198468
31.0522,42.4523,2.62536,5,-0.126291,-0.0136923,-0.276853,-0.30293
30.8488,42.5678,2.61056,4.9996,-0.139539,-0.0278968,-0.278149,-0.407459
30.6471,42.6863,2.59415,4.99853,-0.152849,-0.0470028,-0.274242,-0.511942
30.4474,42.808,2.5761,4.99657,-0.165972,-0.071008,-0.264077,-0.616263
30.2501,42.9333,2.55643,4.99349,-0.178609,-0.0999049,-0.246497,-0.720279
30.0553,43.0624,2.53519,4.98905,-0.190404,-0.133679,-0.220249,-0.82381
29.8636,43.1954,2.51246,4.98303,-0.200944,-0.172308,-0.183998,-0.926639
29.6751,43.3326,2.4884,4.97521,-0.209748,-0.215759,-0.136356,-1.02851
29.4902,43.4741,2.46321,4.96534,-0.216273,-0.263986,-0.0759173,-1.12913
29.3094,43.6199,2.43716,4.95322,-0.219906,-0.316931,-0.00194846,-1.22818
29.1328,43.7699,2.4106,4.93862,-0.22,-0.374521,-1.65871e-06,-1.32533
28.9608,43.9242,2.38398,4.92132,-0.22,-0.436666,-1.20637e-06,-1.42023
28.7936,44.0824,2.35729,4.90111,-0.22,-0.503262,-9.54419e-07,-1.51248
28.6313,44.2444,2.33054,4.87778,-0.22,-0.574183,-7.67585e-07,-1.60167
28.4741,44.4099,2.30374,4.85112,-0.22,-0.649286,-6.25971e-07,-1.68735
28.3223,44.5786,2.27688,4.82094,-0.22,-0.728407,-5.16653e-07,-1.76903
28.1759,44.7502,2.24997,4.78705,-0.22,-0.811357,-4.30898e-07,-1.84621
28.0353,44.9245,2.22303,4.74927,-0.22,-0.897927,-3.57503e-07,-1.91834
27.9004,45.1011,2.19604,4.70742,-0.22,-0.987879,-2.85948e-07,-1.98485
27.7715,45.2797,2.16904,4.66136,-0.22,-1.08095,-2.32725e-07,-2.04519
27.6487,45.4599,2.14203,4.61093,-0.22,-1.17685,-1.91941e-07,-2.09879
27.5321,45.6414,2.11505,4.55599,-0.22,-1.27526,-1.59879e-07,-2.14511
27.4217,45.8237,2.08812,4.49644,-0.22,-1.37585,-1.341e-07,-2.18359
27.3177,46.0066,2.06127,4.43216,-0.22,-1.47824,-1.12945e-07,-2.21369
27.2201,46.1895,2.03452,4.36307,-0.22,-1.58204,-9.52526e-08,-2.23487
27.1288,46.3721,2.00789,4.2891,-0.22,-1.68683,-8.01871e-08,-2.24659
27.0438,46.5539,1.98143,4.21021,-0.22,-1.79218,-6.71309e-08,-2.24832
26.9652,46.7345,1.95514,4.12637,-0.22,-1.8976,-5.56166e-08,-2.23954
26.8929,46.9135,1.92907,4.03758,-0.22,-2.00261,-4.52815e-08,-2.21972
26.8266,47.0904,1.90325,3.94384,-0.22,-2.1067,-3.58362e-08,-2.18834
26.7664,47.2648,1.87769,3.84521,-0.22,-2.20931,-2.70432e-08,-2.14491
26.7121,47.4363,1.85242,3.74175,-0.22,-2.30989,-1.87007e-08,-2.08891
26.6634,47.6045,1.82748,3.63356,-0.22,-2.40784,-1.06306e-08,-2.01985
26.6203,47.7689,1.80289,3.52075,-0.22,-2.50255,-2.66909e-09,-1.93724
26.5824,47.9293,1.77869,3.40349,-0.22,-2.59339,5.3418e-09,-1.84059
26.5496,48.0851,1.75488,3.28194,-0.22,-2.67969,1.35614e-08,-1.72942
26.5215,48.236,1.73151,3.15632,-0.22,-2.76079,2.21581e-08,-1.60329
26.4979,48.3818,1.7086,3.02687,-0.22,-2.83596,3.13172e-08,-1.46171
26.4784,48.5221,1.68616,2.89387,-0.22,-2.90451,4.12508e-08,-1.30425
26.4628,48.6566,1.66423,2.75763,-0.22,-2.96566,5.22086e-08,-1.13047
26.4508,48.7851,1.64282,2.61849,-0.22,-3.01867,6.44938e-08,-0.939933
26.442,48.9073,1.62195,2.47683,-0.22,-3.06274,7.84824e-08,-0.732231
26.4361,49.023,1.60164,2.33307,-0.22,-3.09708,9.46506e-08,-0.506956
26.4327,49.1321,1.58191,2.18766,-0.22,-3.12085,1.13613e-07,-0.263715
26.4316,49.2345,1.56277,2.0411,-0.22,-3.13322,1.36177e-07,-0.00213053
26.4324,49.33,1.54424,1.89392,-0.22,-3.13332,1.63423e-07,0.278164
26.4347,49.4186,1.52632,1.74669,-0.22,-3.12027,1.96823e-07,0.57752
26.4384,49.5002,1.50901,1.60003,-0.22,-3.09319,2.38418e-07,0.896272
26.443,49.575,1.49233,1.45459,-0.22,-3.05117,2.9111e-07,1.23474
26.4484,49.6428,1.47627,1.31107,-0.22,-2.99327,3.59106e-07,1.59323
26.4542,49.7039,1.46083,1.17022,-0.22,-2.91856,4.48683e-07,1.97201
26.4602,49.7583,1.446,1.03281,-0.22,-2.82609,5.69679e-07,2.37137
26.4662,49.8063,1.43178,0.899682,-0.22,-2.7149,8.69853e-06,2.79155
26.472,49.848,1.41814,0.77171,-0.219999,-2.584,0.0943402,3.23278
26.4775,49.8837,1.40508,0.649813,-0.215485,-2.43241,0.230229,3.69482
26.4826,49.9137,1.39263,0.53496,-0.204468,-2.25916,0.342572,4.17678
26.487,49.9383,1.38084,0.428167,-0.188075,-2.06331,0.432602,4.67718
26.4908,49.958,1.36966,0.330495,-0.167374,-1.844,0.502042,5.19411
26.4939,49.9732,1.35902,0.243045,-0.14335,-1.60044,0.553009,5.7253
26.4963,49.9843,1.34881,0.166957,-0.116887,-1.33198,0.587934,6.26821
26.498,49.992,1.33893,0.103402,-0.0887533,-1.03806,0.60951,6.82012
26.4992,49.9967,1.32925,0.0535774,-0.0595868,-0.71826,0.620667,7.37822
26.4998,49.9991,1.3197,0.0186996,-0.0298864,-0.372292,0.624554,7.9396
26.5,50,1.31019,0,0,0,0,0